1.0,-36.0,0.002732378495533634,0.004855215912708502
1.0,-35.0,0.00209243766868674,0.0033743164526087986
1.0,-34.0,0.001737786430786593,0.0026083740049842007
1.0,-33.0,0.0014848795049921656,0.0020921927152892685
1.0,-32.0,0.00128841850993702,0.00171147453949488
1.0,-31.0,0.0011287948470586075,0.001417028490135424
1.0,-30.0,0.0009954377663606068,0.001182524156295179
1.0,-29.0,0.0008818947125239961,0.0009920224492073538
1.0,-28.0,0.0007838938090242775,0.0008350705740473681
1.0,-27.0,0.0006984393324815756,0.000704415311977669
1.0,-26.0,0.0006233380536644148,0.0005948075020002252
1.0,-25.0,0.0005569296046922516,0.0005023227353928369
1.0,-24.0,0.0004979228871033652,0.0004239500518150088
1.0,-23.0,0.00044529168923115403,0.0003573300899458873
1.0,-22.0,0.0003982053060247662,0.00030058146329640814
1.0,-21.0,0.0003559808398828533,0.0002521816920931324
1.0,-20.0,0.0003180494655091083,0.00021088320110036
1.0,-19.0,0.0002839319933463892,0.00017565260579143025
1.0,-18.0,0.00025322080821939155,0.00014562590531079945
1.0,-17.0,0.00022556629622625776,0.00012007480826239132
1.0,-16.0,0.0002006665133476986,9.838101829818054e-5
1.0,-15.0,0.0,0.0
1.0,-14.0,0.0,0.0
1.0,-13.0,0.0,0.0
1.0,-12.0,0.0,0.0
1.0,-11.0,0.0,0.0
1.0,-10.0,0.0,0.0
1.0,-9.0,0.0,0.0
1.0,-8.0,0.0,0.0
1.0,-7.0,0.0,0.0
1.0,-6.0,0.0,0.0
1.0,-5.0,0.0,0.0
1.0,-4.0,0.0,0.0
1.0,-3.0,0.0,0.0
1.0,-2.0,0.0,0.0
1.0,-1.0,0.0,0.0
1.0,0.0,0.0,0.0
2.0,-36.0,0.003601354008101206,0.006911566705464753
2.0,-35.0,0.0023237226550825336,0.003841379504415103
2.0,-34.0,0.001882600320364551,0.0028735527540664652
2.0,-33.0,0.0015904319887012994,0.0022703691794300133
2.0,-32.0,0.0013705589165572546,0.0018403203915978168
2.0,-31.0,0.0011951073861443424,0.0015141381895748842
2.0,-30.0,0.0010502407532788803,0.0012576645819954461
2.0,-29.0,0.0009279205391974624,0.0010512115436318334
2.0,-28.0,0.0008229991332691855,0.000882285632612479
2.0,-27.0,0.0007319524037975096,0.0007424205858784452
2.0,-26.0,0.0006522468189407053,0.0006255980941149818
2.0,-25.0,0.000581991610610955,0.0005273813794570066
2.0,-24.0,0.0005197333803516949,0.0004444045980749012
2.0,-23.0,0.0004643278454230493,0.00037405470842158547
2.0,-22.0,0.00041485608237221654,0.00031426420726124774
2.0,-21.0,0.00037056778260346264,0.0002633710588090367
2.0,-20.0,0.000330841613589343,0.00022002109172872418
2.0,-19.0,0.00029515680721838765,0.00018309819992680816
2.0,-18.0,0.00026307234939254424,0.0001516733020435638
2.0,-17.0,0.0,0.0
2.0,-16.0,0.0,0.0
2.0,-15.0,0.0,0.0
2.0,-14.0,0.0,0.0
2.0,-13.0,0.0,0.0
2.0,-12.0,0.0,0.0
2.0,-11.0,0.0,0.0
2.0,-10.0,0.0,0.0
2.0,-9.0,0.0,0.0
2.0,-8.0,0.0,0.0
2.0,-7.0,0.0,0.0
2.0,-6.0,0.0,0.0
2.0,-5.0,0.0,0.0
2.0,-4.0,0.0,0.0
2.0,-3.0,0.0,0.0
2.0,-2.0,0.0,0.0
2.0,-1.0,0.0,0.0
2.0,0.0,0.0,0.0
3.0,-36.0,0.004038226179069907,0.007890796023431103
3.0,-35.0,0.0026594802796292764,0.004550201599547329
3.0,-34.0,0.002058837117541311,0.003205144219786965
3.0,-33.0,0.001712424746964269,0.0024805457418287415
3.0,-32.0,0.0014631179003256416,0.0019879311385970276
3.0,-31.0,0.001268703283576913,0.001623425925284987
3.0,-30.0,0.0011104458427887035,0.0013412095160720075
3.0,-29.0,0.000978113318705911,0.0011164423546872737
3.0,-28.0,0.0008654085357078815,0.0009339698682428421
3.0,-27.0,0.000768138873463256,0.0007838011658700905
3.0,-26.0,0.0006833519679086497,0.0006589774040836677
3.0,-25.0,0.0006088794658802912,0.0005544484505705485
3.0,-24.0,0.0005430757313812622,0.0004664307812867295
3.0,-23.0,0.0004846585630150241,0.0003920168959901119
3.0,-22.0,0.0004326071754613634,0.0003289257352155609
3.0,-21.0,0.00038609418132434954,0.00027533668661596997
3.0,-20.0,0.0003444387110372455,0.00022977546230082895
3.0,-19.0,0.00030707319153077306,0.00019103341470251285
3.0,-18.0,0.00027351924851112705,0.00015810911588937283
3.0,-17.0,0.00024336988505576095,0.00013016517670472796
3.0,-16.0,0.0002162760981970429,0.00010649575224556078
3.0,-15.0,0.00019193672318099908,8.650170083406078e-5
3.0,-14.0,0.0,0.0
3.0,-13.0,0.0,0.0
3.0,-12.0,0.0,0.0
3.0,-11.0,0.0,0.0
3.0,-10.0,0.0,0.0
3.0,-9.0,0.0,0.0
3.0,-8.0,0.0,0.0
3.0,-7.0,0.0,0.0
3.0,-6.0,0.0,0.0
3.0,-5.0,0.0,0.0
3.0,-4.0,0.0,0.0
3.0,-3.0,0.0,0.0
3.0,-2.0,0.0,0.0
3.0,-1.0,0.0,0.0
3.0,0.0,0.0,0.0
4.0,-36.0,0.004676278474130754,0.009373441161648897
4.0,-35.0,0.0035598480602119457,0.006622036901477801
4.0,-34.0,0.002284388978597293,0.003643733832011809
4.0,-33.0,0.0018562516652710819,0.002734170345431024
4.0,-32.0,0.00156857536374658,0.002159222304468922
4.0,-31.0,0.0013509754314819926,0.0017474668880647793
4.0,-30.0,0.0011769323980686409,0.0014346741475326221
4.0,-29.0,0.0010330720478858404,0.0011886762617097373
4.0,-28.0,0.000911552165375924,0.0009907660770001696
4.0,-27.0,0.0008073197344403069,0.0008290034721831642
4.0,-26.0,0.0007169000511239602,0.0006952643803637341
4.0,-25.0,0.0006377867959456435,0.0005837567847332123
4.0,-24.0,0.0005681046705403646,0.0004902014066369445
4.0,-23.0,0.0005064092095958857,0.0004113465424773143
4.0,-22.0,0.00045156129124548493,0.00034466462648456226
4.0,-21.0,0.000402644928271243,0.0002881539298724282
4.0,-20.0,0.00035891143034796463,0.00024020420610092638
4.0,-19.0,0.0003197403201546787,0.00019950287166763028
4.0,-18.0,0.00028461127910011237,0.00016496779229851295
4.0,-17.0,0.0002530835845113078,0.0001356980580726904
4.0,-16.0,0.00022478078338328297,0.00011093723791135934
4.0,-15.0,0.00019937913313891503,9.004548773878271e-5
4.0,-14.0,0.0,Inf
4.0,-13.0,0.0,Inf
4.0,-12.0,0.0,Inf
4.0,-11.0,0.0,Inf
4.0,-10.0,0.0,Inf
4.0,-9.0,0.0,Inf
4.0,-8.0,0.0,0.0
4.0,-7.0,0.0,0.0
4.0,-6.0,0.0,0.0
4.0,-5.0,0.0,0.0
4.0,-4.0,0.0,0.0
4.0,-3.0,0.0,0.0
4.0,-2.0,0.0,0.0
4.0,-1.0,0.0,0.0
4.0,0.0,0.0,0.0
5.0,-36.0,0.030486633528068595,0.12660041398910993
5.0,-35.0,0.0,Inf
5.0,-34.0,0.002604453074340477,0.004293590694532875
5.0,-33.0,0.0020308264095473543,0.0030504793637897527
5.0,-32.0,0.0016904604737013936,0.0023613051420439814
5.0,-31.0,0.0014437585547306233,0.001889707492463581
5.0,-30.0,0.0012508055867569649,0.0015399918162328022
5.0,-29.0,0.001093526370436822,0.0012691011919866244
5.0,-28.0,0.0009619425394609301,0.001053450464324743
5.0,-27.0,0.0008498712568496165,0.0008785573674888152
5.0,-26.0,0.0007531765018188477,0.0007348325679227268
5.0,-25.0,0.000668935588073698,0.0006155761946510028
5.0,-24.0,0.0005949962151095432,0.0005159150031785326
5.0,-23.0,0.0005297214976387705,0.00043219181310523463
5.0,-22.0,0.0004718339182699455,0.0003615926597510523
5.0,-21.0,0.00042031506230591194,0.0003019077992899005
5.0,-20.0,0.00037433859659075937,0.0002513723505135867
5.0,-19.0,0.00033322398254173575,0.0002085565014030957
5.0,-18.0,0.0002964036265279443,0.00017228774735903105
5.0,-17.0,0.0002633990333181781,0.00014159450169671134
5.0,-16.0,0.00023380317624907895,0.00011566436298500408
5.0,-15.0,0.00020726728852353454,9.38126766515285e-5
5.0,-14.0,0.0,Inf
5.0,-13.0,0.0,Inf
5.0,-12.0,0.0,Inf
5.0,-11.0,0.0,Inf
5.0,-10.0,0.0,Inf
5.0,-9.0,0.0,Inf
5.0,-8.0,0.0,Inf
5.0,-7.0,0.0,Inf
5.0,-6.0,0.0,Inf
5.0,-5.0,0.0,Inf
5.0,-4.0,0.0,Inf
5.0,-3.0,0.0,Inf
5.0,-2.0,0.0,Inf
5.0,-1.0,0.0,Inf
5.0,0.0,0.0,Inf
6.0,-36.0,0.0,0.0
6.0,-35.0,0.0,0.0
6.0,-34.0,0.003335622046636817,0.005900721065245334
6.0,-33.0,0.0022530034499468198,0.0034664723773756745
6.0,-32.0,0.0018340967496839346,0.002605089867570019
6.0,-31.0,0.001549549729067676,0.0020549164453054413
6.0,-30.0,0.0013334838220072478,0.0016596834133128244
6.0,-29.0,0.0011603781720557033,0.0013592076502386141
6.0,-28.0,0.0010171969558663112,0.0011229711516726115
6.0,-27.0,0.000896238208512543,0.000933097430059124
6.0,-26.0,0.0007925139863227238,0.0007781226499203212
6.0,-25.0,0.0007025817534447714,0.0006502212424154559
6.0,-24.0,0.000623951533388113,0.0005438008330246185
6.0,-23.0,0.0005547562613231624,0.00045472247831520826
6.0,-22.0,0.0004935553787578749,0.000379837081893362
6.0,-21.0,0.00043921131840822416,0.0003166945386113131
6.0,-20.0,0.0003908083798094014,0.00026335316994235204
6.0,-19.0,0.0003475975154365711,0.00021825033871269298
6.0,-18.0,0.00030895762524279976,0.00018011194122340284
6.0,-17.0,0.0002743677506284325,0.00014788746991974374
6.0,-16.0,0.00024338669720981116,0.00012070239650362672
6.0,-15.0,0.0002156378773954541,9.782258964894961e-5
6.0,-14.0,0.0,Inf
6.0,-13.0,0.0,Inf
6.0,-12.0,0.0,Inf
6.0,-11.0,0.0,Inf
6.0,-10.0,0.0,Inf
6.0,-9.0,0.0,Inf
6.0,-8.0,0.0,Inf
6.0,-7.0,0.0,Inf
6.0,-6.0,0.0,Inf
6.0,-5.0,0.0,Inf
6.0,-4.0,0.0,Inf
6.0,-3.0,0.0,Inf
6.0,-2.0,0.0,Inf
6.0,-1.0,0.0,Inf
6.0,0.0,0.0,Inf
7.0,-36.0,0.0,0.0
7.0,-35.0,0.0,0.0
7.0,-34.0,0.003960440920598038,0.00726636074863257
7.0,-33.0,0.002563639120633847,0.004073434251303213
7.0,-32.0,0.002008211225639067,0.002908776313412055
7.0,-31.0,0.0016718948795600755,0.0022499823754889557
7.0,-30.0,0.00142683516834808,0.001797124218218269
7.0,-29.0,0.0012347617925249075,0.0014608999324399892
7.0,-28.0,0.001078068292442866,0.0012005016790596723
7.0,-27.0,0.0009469513433052596,0.0009933914177447732
7.0,-26.0,0.0008353031352919202,0.0008256587537484019
7.0,-25.0,0.0007390221159405114,0.0006880611202947965
7.0,-24.0,0.0006552017139446743,0.000574125145390159
7.0,-23.0,0.0005816968348336429,0.00047913401043866435
7.0,-22.0,0.0005168732948322634,0.0003995433655904836
7.0,-21.0,0.0004594539728139736,0.00033262352152637617
7.0,-20.0,0.00040841970354597564,0.00027622951327552377
7.0,-19.0,0.0003629428960436798,0.0002286474641475441
7.0,-18.0,0.0003223416188274818,0.00018848855276297764
7.0,-17.0,0.0002860469854840492,0.00015461380673073024
7.0,-16.0,0.0002535794800088346,0.00012607950051812263
7.0,-15.0,0.00022453148416152132,0.00010209670492508711
7.0,-14.0,0.00019855425262749657,8.200078940863754e-5
7.0,-13.0,0.0,0.0
7.0,-12.0,0.0,0.0
7.0,-11.0,0.0,0.0
7.0,-10.0,0.0,0.0
7.0,-9.0,0.0,0.0
7.0,-8.0,0.0,0.0
7.0,-7.0,0.0,0.0
7.0,-6.0,0.0,0.0
7.0,-5.0,0.0,0.0
7.0,-4.0,0.0,0.0
7.0,-3.0,0.0,0.0
7.0,-2.0,0.0,0.0
7.0,-1.0,0.0,0.0
7.0,0.0,0.0,0.0
8.0,-36.0,0.0,0.0
8.0,-35.0,0.0,0.0
8.0,-34.0,0.004580992185191159,0.008618292186889927
8.0,-33.0,0.003175217228534869,0.005355926838069114
8.0,-32.0,0.0022290880973171463,0.003306936907031899
8.0,-31.0,0.0018161262475393087,0.0024854490959217695
8.0,-30.0,0.0015334012258959573,0.0019569860731167947
8.0,-29.0,0.0013181342119847146,0.0015766644421945255
8.0,-28.0,0.001145488383601705,0.0012875171947781885
8.0,-27.0,0.001002650968089376,0.001060379071469028
8.0,-26.0,0.0008820065359219206,0.0008780699655960221
8.0,-25.0,0.0007786032963959588,0.000729532362204349
8.0,-24.0,0.0006890137085873632,0.0006071990625832276
8.0,-23.0,0.0006107531954137856,0.000505652666262817
8.0,-22.0,0.0005419555741460561,0.0004208785852687311
8.0,-21.0,0.00048117905318607006,0.0003498195483005613
8.0,-20.0,0.000427283917267025,0.00029009539611631074
8.0,-19.0,0.0003793520305225203,0.00023981912437272376
8.0,-18.0,0.0003366319674840136,0.0001974717769124704
8.0,-17.0,0.0002985005141968442,0.00016181480996465666
8.0,-16.0,0.00026443500910973785,0.0001318271430272126
8.0,-15.0,0.000233993103214091,0.00010665895570000063
8.0,-14.0,0.00020679777232085887,8.559713484021862e-5
8.0,-13.0,0.0,0.0
8.0,-12.0,0.0,0.0
8.0,-11.0,0.0,0.0
8.0,-10.0,0.0,0.0
8.0,-9.0,0.0,0.0
8.0,-8.0,0.0,0.0
8.0,-7.0,0.0,0.0
8.0,-6.0,0.0,0.0
8.0,-5.0,0.0,0.0
8.0,-4.0,0.0,0.0
8.0,-3.0,0.0,0.0
8.0,-2.0,0.0,0.0
8.0,-1.0,0.0,0.0
8.0,0.0,0.0,0.0
9.0,-36.0,0.0,0.0
9.0,-35.0,0.0,0.0
9.0,-34.0,0.0,0.0
9.0,-33.0,0.0,0.0
9.0,-32.0,0.0025351511975431084,0.003882667906191859
9.0,-31.0,0.0019909445904895294,0.0027788377972208173
9.0,-30.0,0.00165678905040824,0.002146018753304941
9.0,-29.0,0.0014124158269886076,0.0017098351417622175
9.0,-28.0,0.0012206308996861542,0.0013859061298296066
9.0,-27.0,0.001064119386473649,0.0011352261611429746
9.0,-26.0,0.0009331772784709088,0.0009361191934062102
9.0,-25.0,0.0008217331546419433,0.000775155416097593
9.0,-24.0,0.0007256978168127439,0.0006433886332319435
9.0,-23.0,0.000642167089158571,0.0005345418509498299
9.0,-22.0,0.0005689940512468281,0.0004440355826136576
9.0,-21.0,0.0005045410029629184,0.00036842564535459634
9.0,-20.0,0.0004475267931982489,0.0003050579220692155
9.0,-19.0,0.0003969282801871657,0.0002518460724855429
9.0,-18.0,0.0003519142334205537,0.00020712277155919147
9.0,-17.0,0.00031179957323613394,0.00016953690652746044
9.0,-16.0,0.00027601286181973977,0.00013798058258645486
9.0,-15.0,0.00024407273449384077,0.00011153607932785171
9.0,-14.0,0.00021557057440390703,8.943652631115297e-5
9.0,-13.0,0.0,0.0
9.0,-12.0,0.0,0.0
9.0,-11.0,0.0,0.0
9.0,-10.0,0.0,0.0
9.0,-9.0,0.0,0.0
9.0,-8.0,0.0,0.0
9.0,-7.0,0.0,0.0
9.0,-6.0,0.0,0.0
9.0,-5.0,0.0,0.0
9.0,-4.0,0.0,0.0
9.0,-3.0,0.0,0.0
9.0,-2.0,0.0,0.0
9.0,-1.0,0.0,0.0
9.0,0.0,0.0,0.0
10.0,-36.0,0.0,0.0
10.0,-35.0,0.0,0.0
10.0,-34.0,0.0,0.0
10.0,-33.0,0.0,0.0
10.0,-32.0,0.0,0.0
10.0,-31.0,0.0,0.0
10.0,-30.0,0.0018024177981520778,0.0023745523806219205
10.0,-29.0,0.0015202216960592116,0.001865034047898565
10.0,-28.0,0.0013050056878602698,0.001498139604703209
10.0,-27.0,0.0011323266862493468,0.001219401659083894
10.0,-26.0,0.0009894840057116253,0.0010007426290027342
10.0,-25.0,0.0008688957440189338,0.0008255565757478799
10.0,-24.0,0.0007656172236237317,0.0006831278051219546
10.0,-23.0,0.0006762184345396198,0.0005661101673130484
10.0,-22.0,0.000598208964967289,0.0004692381505523295
10.0,-21.0,0.0005297159155544211,0.0003886065032470808
10.0,-20.0,0.0004692909248442204,0.00032123961611925573
10.0,-19.0,0.0004157882788180415,0.0002648201806763015
10.0,-18.0,0.0003682845821187246,0.00021751078781251487
10.0,-17.0,0.00032602395528476735,0.00017783245290935106
10.0,-16.0,0.00028837957569889194,0.00014457943945633416
10.0,-15.0,0.0002548260765086456,0.00011675802663663727
10.0,-14.0,0.0002249194203175047,9.354153667692369e-5
10.0,-13.0,0.0,0.0
10.0,-12.0,0.0,0.0
10.0,-11.0,0.0,0.0
10.0,-10.0,0.0,0.0
10.0,-9.0,0.015432895951559047,0.03348344694013398
10.0,-8.0,0.015651719043363224,0.03396244888628161
10.0,-7.0,0.015846896652417147,0.03439646098559394
10.0,-6.0,0.0013522835572107488,0.011446390674688308
10.0,-5.0,0.0016068459664275332,0.013363912014663958
10.0,-4.0,0.0018693817491343588,0.015169637314323454
10.0,-3.0,0.0021474683641093863,0.01690621525773069
10.0,-2.0,0.0024475338470128926,0.018596063288477616
10.0,-1.0,0.002776227667208428,0.020252187275862154
10.0,0.0,0.0031412624730860965,0.02188236593200423
11.0,-36.0,0.0,0.0
11.0,-35.0,0.0,0.0
11.0,-34.0,0.0,0.0
11.0,-33.0,0.0,0.0
11.0,-32.0,0.0,0.0
11.0,-31.0,0.00251812089890678,0.003716890889809078
11.0,-30.0,0.001979117220417917,0.002659743314434978
11.0,-29.0,0.001645266794046558,0.0020489509520806373
11.0,-28.0,0.001400606341120094,0.001627539329460942
11.0,-27.0,0.0012084972754283314,0.0013147912084639922
11.0,-26.0,0.0010517454864306657,0.0010731048904889923
11.0,-25.0,0.0009206711857476249,0.0008814975008149627
11.0,-24.0,0.0008092003162955897,0.0007269353945245533
11.0,-23.0,0.0007132334089079417,0.0006007217112532125
11.0,-22.0,0.0006298545132941509,0.0004967475456389921
11.0,-21.0,0.0005569054900898786,0.0004105527327305215
11.0,-20.0,0.000492738626800133,0.0003387812783723095
11.0,-19.0,0.0004360641089367626,0.0002788463925587258
11.0,-18.0,0.0003858514471475309,0.00022871452660193692
11.0,-17.0,0.0003412633028266779,0.00018676068894857
11.0,-16.0,0.000301609666570203,0.00015166837178814697
11.0,-15.0,0.000266315335798074,0.0001223584438860656
11.0,-14.0,0.0002348964099147691,9.79374489079132e-5
11.0,-13.0,0.0,0.0
11.0,-12.0,0.0,0.0
11.0,-11.0,0.0,0.0
11.0,-10.0,0.0,0.0
11.0,-9.0,0.0,0.0
11.0,-8.0,0.0,0.0
11.0,-7.0,0.0,0.0
11.0,-6.0,0.0,0.0
11.0,-5.0,0.0,0.0
11.0,-4.0,0.0,0.0
11.0,-3.0,0.0,0.0
11.0,-2.0,0.0,0.0
11.0,-1.0,0.0,0.0
11.0,0.0,0.0,0.0
12.0,-36.0,0.0,0.0
12.0,-35.0,0.0,0.0
12.0,-34.0,0.0,0.0
12.0,-33.0,0.0,0.0
12.0,-32.0,0.0,0.0
12.0,-31.0,0.0,0.0
12.0,-30.0,0.0,0.0
12.0,-29.0,0.0017931392666949884,0.0022718458649188984
12.0,-28.0,0.0015101532456371345,0.0017787236282865097
12.0,-27.0,0.0012942100021740423,0.0014238698748631074
12.0,-26.0,0.0011209795539981245,0.0011546780521302766
12.0,-25.0,0.000977762591535074,0.0009439157258778152
12.0,-24.0,0.0008569568297261133,0.0007754376250027679
12.0,-23.0,0.0007535947840198258,0.0006388094049011839
12.0,-22.0,0.000664225813589337,0.0005268707543890559
12.0,-21.0,0.0005863419100236002,0.00043448618005582804
12.0,-20.0,0.0005180554655376688,0.00035784550078266455
12.0,-19.0,0.0004579059239943337,0.0002940451024742154
12.0,-18.0,0.0004047375188042515,0.00024082377655518955
12.0,-17.0,0.0003576186422423662,0.00019638888021555233
12.0,-16.0,0.00031578682849565736,0.00015929788001806266
12.0,-15.0,0.00027861017618513315,0.00012837524272648525
12.0,-14.0,0.00024555973922591736,0.00010265266124782141
12.0,-13.0,0.00021618953646529386,8.132513828751437e-5
12.0,-12.0,0.0,0.0
12.0,-11.0,0.0,0.0
12.0,-10.0,0.0,0.0
12.0,-9.0,0.0,0.0
12.0,-8.0,0.0,0.0
12.0,-7.0,0.0,0.0
12.0,-6.0,0.0,0.0
12.0,-5.0,0.0,0.0
12.0,-4.0,0.0,0.0
12.0,-3.0,0.0,0.0
12.0,-2.0,0.0,0.0
12.0,-1.0,0.0,0.0
12.0,0.0,0.0,0.0
13.0,-36.0,0.0,0.0
13.0,-35.0,0.0,0.0
13.0,-34.0,0.0,0.0
13.0,-33.0,0.0,0.0
13.0,-32.0,0.0,0.0
13.0,-31.0,0.0,0.0
13.0,-30.0,0.002512394243398018,0.00357338302461842
13.0,-29.0,0.001972959751912759,0.002550804360495709
13.0,-28.0,0.0016375210013902467,0.0019584001983321488
13.0,-27.0,0.0013915553290054891,0.0015499765126615569
13.0,-26.0,0.0011984744715622321,0.001247358336326471
13.0,-25.0,0.0010410333484878588,0.0010139814999383225
13.0,-24.0,0.0009094993740842352,0.0008293985865602129
13.0,-23.0,0.0007977553160651673,0.0006808925056421264
13.0,-22.0,0.000701667720270584,0.0005599711069197126
13.0,-21.0,0.0006182939151807792,0.00046066662950556235
13.0,-20.0,0.0005454545918586769,0.00037862103686890815
13.0,-19.0,0.00048148512895110297,0.0003105550760861532
13.0,-18.0,0.0004250821334411092,0.00025394140407107693
13.0,-17.0,0.0003752042125488522,0.00020679369410068547
13.0,-16.0,0.00033100535482794507,0.00016752526869086268
13.0,-15.0,0.0002917888366715843,0.00013485127738217088
13.0,-14.0,0.0002569745886222511,0.00010771916593967696
13.0,-13.0,0.000226075758303214,8.525810939847483e-5
13.0,-12.0,0.0,0.0
13.0,-11.0,0.0,0.0
13.0,-10.0,0.0,0.0
13.0,-9.0,0.0,0.0
13.0,-8.0,0.0,0.0
13.0,-7.0,0.0,0.0
13.0,-6.0,0.0,0.0
13.0,-5.0,0.0,0.0
13.0,-4.0,0.0,0.0
13.0,-3.0,0.0,0.0
13.0,-2.0,0.0,0.0
13.0,-1.0,0.0,0.0
13.0,0.0,0.0,0.0
14.0,-36.0,0.0,0.0
14.0,-35.0,0.0,0.0
14.0,-34.0,0.0,0.0
14.0,-33.0,0.0,0.0
14.0,-32.0,0.0,0.0
14.0,-31.0,0.0,0.0
14.0,-30.0,0.0,0.0
14.0,-29.0,0.0,0.0
14.0,-28.0,0.0017885578608795591,0.0021769019191495414
14.0,-27.0,0.0015033953829190877,0.0016977729617192352
14.0,-26.0,0.001285896773372101,0.0013536446586416317
14.0,-25.0,0.0011115601036162926,0.0010931796328476106
14.0,-24.0,0.0009675727054687028,0.0008897622211132976
14.0,-23.0,0.0008462553605467905,0.0007275999620465021
14.0,-22.0,0.0007425861340845762,0.0005964820795144324
14.0,-21.0,0.0006530744361412439,0.0004894003456245672
14.0,-20.0,0.0005751821024000182,0.0004013282806430419
14.0,-19.0,0.000506998266248295,0.00032853706354109535
14.0,-18.0,0.000447044162346694,0.00026818578795348896
14.0,-17.0,0.00039414965750947194,0.00021806286754274217
14.0,-16.0,0.00034737182944039226,0.00017641580283768915
14.0,-15.0,0.0003059394538700505,0.000141835153241136
14.0,-14.0,0.00026921416811787584,0.00011317311746185316
14.0,-13.0,0.00023666283280884232,8.948496928997258e-5
14.0,-12.0,0.0,0.0
14.0,-11.0,0.0,0.0
14.0,-10.0,0.0,0.0
14.0,-9.0,0.0,0.0
14.0,-8.0,0.0,0.0
14.0,-7.0,0.0,0.0
14.0,-6.0,0.0,0.0
14.0,-5.0,0.0,0.0
14.0,-4.0,0.0,0.0
14.0,-3.0,0.0,0.0
14.0,-2.0,0.0,0.0
14.0,-1.0,0.0,0.0
14.0,0.0,0.0,0.0
15.0,-36.0,0.0,0.0
15.0,-35.0,0.0,0.0
15.0,-34.0,0.0,0.0
15.0,-33.0,0.0,0.0
15.0,-32.0,0.0,0.0
15.0,-31.0,0.0,0.0
15.0,-30.0,0.0,0.0
15.0,-29.0,0.00503329039683343,0.00871781032089834
15.0,-28.0,0.001972856334392115,0.002451539576332571
15.0,-27.0,0.0016338240102651688,0.0018740656624905523
15.0,-26.0,0.001385461444038572,0.0014769238913245634
15.0,-25.0,0.0011907103891289773,0.0011834310063603907
15.0,-24.0,0.001032094435408074,0.0009577115327616674
15.0,-23.0,0.000899746453065844,0.0007797021283776148
15.0,-22.0,0.0007874627095366987,0.0006369255028498141
15.0,-21.0,0.0006910503018697603,0.0005210510893240245
15.0,-20.0,0.0006075237371109709,0.00042622620494594594
15.0,-19.0,0.0005346718014523745,0.00034817830770329377
15.0,-18.0,0.00047080552859579363,0.00028369382012685424
15.0,-17.0,0.00041460266909346545,0.00023029724151484173
15.0,-16.0,0.00036500715023959207,0.0001860441064450361
15.0,-15.0,0.00032116163391280775,0.0001493821974878432
15.0,-14.0,0.00028236095300253675,0.00011905551028645758
15.0,-13.0,0.00024801931143107774,9.403599807295408e-5
15.0,-12.0,0.0,0.0
15.0,-11.0,0.0,0.0
15.0,-10.0,0.0,0.0
15.0,-9.0,0.0,0.0
15.0,-8.0,0.0,0.0
15.0,-7.0,0.0,0.0
15.0,-6.0,0.0,0.0
15.0,-5.0,0.0,0.0
15.0,-4.0,0.0,0.0
15.0,-3.0,0.0,0.0
15.0,-2.0,0.0,0.0
15.0,-1.0,0.0,0.0
15.0,0.0,0.0,0.0
16.0,-36.0,0.0,0.0
16.0,-35.0,0.0,0.0
16.0,-34.0,0.0,0.0
16.0,-33.0,0.0,0.0
16.0,-32.0,0.0,0.0
16.0,-31.0,0.0,0.0
16.0,-30.0,0.0,0.0
16.0,-29.0,0.0,0.0
16.0,-28.0,0.0022083297291198016,0.0028153561274646736
16.0,-27.0,0.0017890559786771214,0.0020894114465155812
16.0,-26.0,0.0015002153471559948,0.0016219518187323351
16.0,-25.0,0.0012802605833884036,0.001287279691591628
16.0,-24.0,0.0011042131692401667,0.0010347543440946169
16.0,-23.0,0.0009590235165348072,0.000838154715190287
16.0,-22.0,0.0008368742846030253,0.0006819359730267585
16.0,-21.0,0.0007326547406915656,0.0005560545125001978
16.0,-20.0,0.0006428133330687071,0.0004536212449324348
16.0,-19.0,0.0005647680685212823,0.00036969822198400535
16.0,-18.0,0.0004965755204177264,0.0003006246340616653
16.0,-17.0,0.00043673219594318996,0.00024361326059395253
16.0,-16.0,0.0003840489641373939,0.00019649586440358247
16.0,-15.0,0.00033756833050141877,0.00015755563088749581
16.0,-14.0,0.00029650815127234926,0.00012541299145422933
16.0,-13.0,0.00026022243676204505,9.894552491007429e-5
16.0,-12.0,0.0,0.0
16.0,-11.0,0.0,0.0
16.0,-10.0,0.0,0.0
16.0,-9.0,0.0,0.0
16.0,-8.0,0.0,0.0
16.0,-7.0,0.0,0.0
16.0,-6.0,0.0,0.0
16.0,-5.0,0.0,0.0
16.0,-4.0,0.0,0.0
16.0,-3.0,0.0,0.0
16.0,-2.0,0.0,0.0
16.0,-1.0,0.0,0.0
16.0,0.0,0.0,0.0
17.0,-36.0,0.0,0.0
17.0,-35.0,0.0,0.0
17.0,-34.0,0.0,0.0
17.0,-33.0,0.0,0.0
17.0,-32.0,0.0,0.0
17.0,-31.0,0.0,0.0
17.0,-30.0,0.0,0.0
17.0,-29.0,0.0,0.0
17.0,-28.0,0.0,0.0
17.0,-27.0,0.001979371089589339,0.002361666925987495
17.0,-26.0,0.0016345429805089684,0.0017957217884810683
17.0,-25.0,0.001382583353408936,0.0014081942366356798
17.0,-24.0,0.001185394184014889,0.0011228514745949556
17.0,-23.0,0.001025069887708655,0.0009041611487479104
17.0,-22.0,0.0008915190142863247,0.0007322941849005189
17.0,-21.0,0.0007784037096809349,0.0005949372472642865
17.0,-20.0,0.0006814436197720136,0.0004838788115716815
17.0,-19.0,0.0005975927272562418,0.00039335561509692556
17.0,-18.0,0.0005245961248777852,0.0003191642784575376
17.0,-17.0,0.00046073236514005187,0.0002581460676611421
17.0,-16.0,0.000404654615297061,0.00020786990794072945
17.0,-15.0,0.0003552881010877563,0.00016642799105421512
17.0,-14.0,0.000311761455011368,0.00013229884017107286
17.0,-13.0,0.00027335951763775014,0.00010425260532858803
17.0,-12.0,0.00023949040781097124,8.12837878117884e-5
17.0,-11.0,0.0,0.0
17.0,-10.0,0.0,0.0
17.0,-9.0,0.0,0.0
17.0,-8.0,0.0,0.0
17.0,-7.0,0.0,0.0
17.0,-6.0,0.0,0.0
17.0,-5.0,0.0,0.0
17.0,-4.0,0.0,0.0
17.0,-3.0,0.0,0.0
17.0,-2.0,0.0,0.0
17.0,-1.0,0.0,0.0
17.0,0.0,0.0,0.0
18.0,-36.0,0.0,0.0
18.0,-35.0,0.0,0.0
18.0,-34.0,0.0,0.0
18.0,-33.0,0.0,0.0
18.0,-32.0,0.0,0.0
18.0,-31.0,0.0,0.0
18.0,-30.0,0.0,0.0
18.0,-29.0,0.0,0.0
18.0,-28.0,0.0,0.0
18.0,-27.0,0.0,0.0
18.0,-26.0,0.0017951555995716676,0.0020091838336311193
18.0,-25.0,0.001500962591621628,0.0015510805504265672
18.0,-24.0,0.00127755055554059,0.001224615712903307
18.0,-23.0,0.0010991220117137742,0.000979263522228613
18.0,-22.0,0.000952252256803667,0.0007889734181998389
18.0,-21.0,0.0008289175735743718,0.0006383426473317389
18.0,-20.0,0.0007238801852792637,0.0005174384185104713
18.0,-19.0,0.0006335042183552291,0.000419457989363502
18.0,-18.0,0.000555148682807567,0.00033953163283684923
18.0,-17.0,0.0004868273128520646,0.0002740533676862673
18.0,-16.0,0.00042700473880981176,0.00022028078883747855
18.0,-15.0,0.0003744678334003832,0.0001760828725509247
18.0,-14.0,0.0003282411417939465,0.00013977415575424339
18.0,-13.0,0.0002875295691709514,0.00011000183686917267
18.0,-12.0,0.00025167881043399766,8.566663287121927e-5
18.0,-11.0,0.0,0.0
18.0,-10.0,0.0,0.0
18.0,-9.0,0.0,0.0
18.0,-8.0,0.0,0.0
18.0,-7.0,0.0,0.0
18.0,-6.0,0.0,0.0
18.0,-5.0,0.0,0.0
18.0,-4.0,0.0,0.0
18.0,-3.0,0.0,0.0
18.0,-2.0,0.0,0.0
18.0,-1.0,0.0,0.0
18.0,0.0,0.0,0.0
19.0,-36.0,0.0,0.0
19.0,-35.0,0.0,0.0
19.0,-34.0,0.0,0.0
19.0,-33.0,0.0,0.0
19.0,-32.0,0.0,0.0
19.0,-31.0,0.0,0.0
19.0,-30.0,0.0,0.0
19.0,-29.0,0.0,0.0
19.0,-28.0,0.0,0.0
19.0,-27.0,0.0,0.0
19.0,-26.0,0.0019932912572010403,0.0022811132046351265
19.0,-25.0,0.0016401619221875245,0.0017232197513995652
19.0,-24.0,0.0013832533665367026,0.0013436353233900813
19.0,-23.0,0.0011827654719019846,0.0010654796556968107
19.0,-22.0,0.0010201370554530568,0.0008532059700938851
19.0,-21.0,0.0008849504255134159,0.0006870661671898656
19.0,-20.0,0.0007706798128380826,0.0005548338632841155
19.0,-19.0,0.0006729258956753219,0.0004483736601052714
19.0,-18.0,0.0005885622753580296,0.000361985975413637
19.0,-17.0,0.0005152771849020231,0.00029152029616743923
19.0,-16.0,0.00045130767310031975,0.0002338619825232382
19.0,-15.0,0.0003952760614871979,0.0001866170694719888
19.0,-14.0,0.0003460846104646328,0.0001479093074136169
19.0,-13.0,0.00030284527886269443,0.00011624434698873623
19.0,-12.0,0.0002648318061339495,9.041590730476935e-5
19.0,-11.0,0.0,0.0
19.0,-10.0,0.0,0.0
19.0,-9.0,0.0,0.0
19.0,-8.0,0.0,0.0
19.0,-7.0,0.0,0.0
19.0,-6.0,0.0,0.0
19.0,-5.0,0.0,0.0
19.0,-4.0,0.0,0.0
19.0,-3.0,0.0,0.0
19.0,-2.0,0.0,0.0
19.0,-1.0,0.0,0.0
19.0,0.0,0.0,0.0
20.0,-36.0,0.0,0.0
20.0,-35.0,0.0,0.0
20.0,-34.0,0.0,0.0
20.0,-33.0,0.0,0.0
20.0,-32.0,0.0,0.0
20.0,-31.0,0.0,0.0
20.0,-30.0,0.0,0.0
20.0,-29.0,0.0,0.0
20.0,-28.0,0.0,0.0
20.0,-27.0,0.0,0.0
20.0,-26.0,0.0,0.0
20.0,-25.0,0.0018075543473023504,0.0019361554770429884
20.0,-24.0,0.001506088884362124,0.0014850314850059494
20.0,-23.0,0.0012780832543904936,0.0011655179421753647
20.0,-22.0,0.0010965172009611659,0.0009265808554266689
20.0,-21.0,0.000947430604985781,0.0007421050651762931
20.0,-20.0,0.0008225149635607715,0.000596720623566474
20.0,-19.0,0.0007163618051811582,0.0004805477774803009
20.0,-18.0,0.0006252244105551465,0.0003868367799708024
20.0,-17.0,0.0005463856602498824,0.0003107656155827296
20.0,-16.0,0.0004778049208633514,0.0002487699086277741
20.0,-15.0,0.00041790702677603356,0.00019814323393066086
20.0,-14.0,0.0003654494599136199,0.00015678571572125296
20.0,-13.0,0.000319435376658493,0.0001230389969949889
20.0,-12.0,0.00027905508402210476,9.557403594155822e-5
20.0,-11.0,0.0,0.0
20.0,-10.0,0.0,0.0
20.0,-9.0,0.0,0.0
20.0,-8.0,0.0,0.0
20.0,-7.0,0.0,0.0
20.0,-6.0,0.0,0.0
20.0,-5.0,0.0,0.0
20.0,-4.0,0.0,0.0
20.0,-3.0,0.0,0.0
20.0,-2.0,0.0,0.0
20.0,-1.0,0.0,0.0
20.0,0.0,0.0,0.0
21.0,-36.0,0.0,0.0
21.0,-35.0,0.0,0.0
21.0,-34.0,0.0,0.0
21.0,-33.0,0.0,0.0
21.0,-32.0,0.0,0.0
21.0,-31.0,0.0,0.0
21.0,-30.0,0.0,0.0
21.0,-29.0,0.0,0.0
21.0,-28.0,0.0,0.0
21.0,-27.0,0.0,0.0
21.0,-26.0,0.0026225417120769035,0.0032090507474245673
21.0,-25.0,0.0020156942327365524,0.0022100447424373854
21.0,-24.0,0.001651312961542393,0.001656493794684861
21.0,-23.0,0.0013878960382799038,0.0012831308538334763
21.0,-22.0,0.0011831266294201406,0.0010111924827703068
21.0,-21.0,0.001017518113889593,0.0008047300333825296
21.0,-20.0,0.0008802071027172137,0.0006439137940555343
21.0,-19.0,0.0007644175230558234,0.0005165238485373196
21.0,-18.0,0.0006655948108648367,0.0004144565667018723
21.0,-17.0,0.0005805094817037285,0.00033204969038223115
21.0,-16.0,0.0005067779670273466,0.00026518902611225156
21.0,-15.0,0.00044258568921207517,0.00021079320233744123
21.0,-14.0,0.000386517251991935,0.00016649805790363933
21.0,-13.0,0.00033744750890934224,0.00013045385901588077
21.0,-12.0,0.00029446940441649135,0.00010118985201122815
21.0,-11.0,0.00025684544628953735,7.752083809583824e-5
21.0,-10.0,0.0,0.0
21.0,-9.0,0.0,0.0
21.0,-8.0,0.0,0.0
21.0,-7.0,0.0,0.0
21.0,-6.0,0.0,0.0
21.0,-5.0,0.0,0.0
21.0,-4.0,0.0,0.0
21.0,-3.0,0.0,0.0
21.0,-2.0,0.0,0.0
21.0,-1.0,0.0,0.0
21.0,0.0,0.0,0.0
22.0,-36.0,0.0,0.0
22.0,-35.0,0.0,0.0
22.0,-34.0,0.0,0.0
22.0,-33.0,0.0,0.0
22.0,-32.0,0.0,0.0
22.0,-31.0,0.0,0.0
22.0,-30.0,0.0,0.0
22.0,-29.0,0.0,0.0
22.0,-28.0,0.0,0.0
22.0,-27.0,0.0,0.0
22.0,-26.0,0.0035443184401267335,0.0047537817686427175
22.0,-25.0,0.0022895560039169036,0.002586055211134772
22.0,-24.0,0.0018271784114139425,0.0018704093451528197
22.0,-23.0,0.0015161762450521458,0.0014237332864631132
22.0,-22.0,0.0012822601301901077,0.0011098764579103079
22.0,-21.0,0.0010966884344383542,0.0008765915762315534
22.0,-20.0,0.0009447730930238333,0.0006974418381670411
22.0,-19.0,0.0008178281607158522,0.0005569731775894549
22.0,-18.0,0.0007102234528257546,0.0004452980105057635
22.0,-17.0,0.0006180706691659738,0.00035568487869090367
22.0,-16.0,0.0005385568735430369,0.0002833383585353699
22.0,-15.0,0.00046957396202758106,0.00022472219536234347
22.0,-14.0,0.0004094981438171514,0.00017715701978795982
22.0,-13.0,0.00035705174568642097,0.0001385680409366051
22.0,-12.0,0.00031121329413946817,0.00010731981558632433
22.0,-11.0,0.0002711577764395573,8.210413916069637e-5
22.0,-10.0,0.0,0.0
22.0,-9.0,0.0,0.0
22.0,-8.0,0.0,0.0
22.0,-7.0,0.0,0.0
22.0,-6.0,0.0,0.0
22.0,-5.0,0.0,0.0
22.0,-4.0,0.0,0.0
22.0,-3.0,0.0,0.0
22.0,-2.0,0.0,0.0
22.0,-1.0,0.0,0.0
22.0,0.0,0.0,0.0
23.0,-36.0,0.0,0.0
23.0,-35.0,0.0,0.0
23.0,-34.0,0.0,0.0
23.0,-33.0,0.0,0.0
23.0,-32.0,0.0,0.0
23.0,-31.0,0.0,0.0
23.0,-30.0,0.0,0.0
23.0,-29.0,0.0,0.0
23.0,-28.0,0.0,0.0
23.0,-27.0,0.0,0.0
23.0,-26.0,0.0,0.0
23.0,-25.0,0.004967933344478816,0.007298502343457986
23.0,-24.0,0.0020480514576058937,0.0021489284908624545
23.0,-23.0,0.0016688209173912792,0.0015955739948830133
23.0,-22.0,0.0013970537165481315,0.0012266032113523073
23.0,-21.0,0.0011868593389712028,0.0009598837752049334
23.0,-20.0,0.0010174915016815736,0.0007586248144205397
23.0,-19.0,0.0008774967691770063,0.0006027359859193645
23.0,-18.0,0.0007597745496681513,0.00047991710180833277
23.0,-17.0,0.0006595723742108536,0.00038204926148195883
23.0,-16.0,0.0005735312309324646,0.0003034799488467227
23.0,-15.0,0.000499178539758843,0.00024011417444736867
23.0,-14.0,0.00043463663528123025,0.00018889276008101597
23.0,-13.0,0.00037844489068464233,0.00014747395882590782
23.0,-12.0,0.000329446332354964,0.00011402951689798186
23.0,-11.0,0.00028671339075072373,8.710880564977806e-5
23.0,-10.0,0.0,0.0
23.0,-9.0,0.0,0.0
23.0,-8.0,0.0,0.0
23.0,-7.0,0.0,0.0
23.0,-6.0,0.0,0.0
23.0,-5.0,0.0,0.0
23.0,-4.0,0.0,0.0
23.0,-3.0,0.0,0.0
23.0,-2.0,0.0,0.0
23.0,-1.0,0.0,0.0
23.0,0.0,0.0,0.0
24.0,-36.0,0.0,0.0
24.0,-35.0,0.0,0.0
24.0,-34.0,0.0,0.0
24.0,-33.0,0.0,0.0
24.0,-32.0,0.0,0.0
24.0,-31.0,0.0,0.0
24.0,-30.0,0.0,0.0
24.0,-29.0,0.0,0.0
24.0,-28.0,0.0,0.0
24.0,-27.0,0.0,0.0
24.0,-26.0,0.0,0.0
24.0,-25.0,0.0038054216986348156,0.004990052889781466
24.0,-24.0,0.002343651076473089,0.0025391835799290644
24.0,-23.0,0.0018552609873946208,0.0018122104567621655
24.0,-22.0,0.001531976120772316,0.0013671792518381689
24.0,-21.0,0.0012905913042034808,0.00105760767636065
24.0,-20.0,0.0011000003843987674,0.0008291918874006692
24.0,-19.0,0.000944548258906885,0.00065488024745413
24.0,-18.0,0.0008150590239395827,0.0005190051055499498
24.0,-17.0,0.0007056197652922881,0.00041160506540653143
24.0,-16.0,0.0006121642813595425,0.00032592995736242125
24.0,-15.0,0.0005317608260200634,0.00025718874926198697
24.0,-14.0,0.00046221876187309887,0.0002018593133261434
24.0,-13.0,0.0004018558172684853,0.00015728019052061218
24.0,-12.0,0.00034935318310210867,0.00012139554511661295
24.0,-11.0,0.0003036622265256219,9.258867776260682e-5
24.0,-10.0,0.0,0.0
24.0,-9.0,0.0,0.0
24.0,-8.0,0.0,0.0
24.0,-7.0,0.0,0.0
24.0,-6.0,0.0,0.0
24.0,-5.0,0.0,0.0
24.0,-4.0,0.0,0.0
24.0,-3.0,0.0,0.0
24.0,-2.0,0.0,0.0
24.0,-1.0,0.0,0.0
24.0,0.0,0.0,0.0
25.0,-36.0,0.0,0.0
25.0,-35.0,0.0,0.0
25.0,-34.0,0.0,0.0
25.0,-33.0,0.0,0.0
25.0,-32.0,0.0,0.0
25.0,-31.0,0.0,0.0
25.0,-30.0,0.0,0.0
25.0,-29.0,0.0,0.0
25.0,-28.0,0.0,0.0
25.0,-27.0,0.0,0.0
25.0,-26.0,0.0,0.0
25.0,-25.0,0.0,0.0
25.0,-24.0,0.004870836563169989,0.006784716709557742
25.0,-23.0,0.002092392925303162,0.0020986423600730902
25.0,-22.0,0.0016937677225748694,0.0015406082876003755
25.0,-21.0,0.0014114220061890225,0.0011740186468569124
25.0,-20.0,0.0011944470501737239,0.0009114647085949321
25.0,-19.0,0.0010204072358145533,0.0007147882907202278
25.0,-18.0,0.0008770794186335949,0.0005634336404642071
25.0,-17.0,0.0007569480037151629,0.00044492382389480954
25.0,-16.0,0.0006550113797466996,0.0003510734426708793
25.0,-15.0,0.0005677496661463064,0.00027621019505168535
25.0,-14.0,0.0004925811820648767,0.00021624024513680487
25.0,-13.0,0.0004275521293392035,0.00016811509211068563
25.0,-12.0,0.0003711485800404013,0.00012950783045489884
25.0,-11.0,0.0003221778306813108,9.860661123601513e-5
25.0,-10.0,0.0,0.0
25.0,-9.0,0.0,0.0
25.0,-8.0,0.0,0.0
25.0,-7.0,0.0,0.0
25.0,-6.0,0.0,0.0
25.0,-5.0,0.0,0.0
25.0,-4.0,0.0,0.0
25.0,-3.0,0.0,0.0
25.0,-2.0,0.0,0.0
25.0,-1.0,0.0,0.0
25.0,0.0,0.0,0.0
26.0,-36.0,0.0,0.0
26.0,-35.0,0.0,0.0
26.0,-34.0,0.0,0.0
26.0,-33.0,0.0,0.0
26.0,-32.0,0.0,0.0
26.0,-31.0,0.0,0.0
26.0,-30.0,0.0,0.0
26.0,-29.0,0.0,0.0
26.0,-28.0,0.0,0.0
26.0,-27.0,0.0,0.0
26.0,-26.0,0.0,0.0
26.0,-25.0,0.0,0.0
26.0,-24.0,0.003941653033203626,0.004971791852955609
26.0,-23.0,0.002417079767370377,0.0025110939660060437
26.0,-22.0,0.001893461120748258,0.0017620664942246684
26.0,-21.0,0.0015544651277613548,0.0013154412571825902
26.0,-20.0,0.0013037283753185675,0.0010086572787417851
26.0,-19.0,0.0011069141584160338,0.0007842886373392841
26.0,-18.0,0.0009470935752665444,0.0006143199123735461
26.0,-17.0,0.0008144604469490074,0.000482721441869469
26.0,-16.0,0.0007027444991881971,0.0003793843735934957
26.0,-15.0,0.0006076578837455345,0.00029749938659306876
26.0,-14.0,0.000526122779726092,0.00023225600098398207
26.0,-13.0,0.00045584855110070236,0.0001801314277675408
26.0,-12.0,0.00039508353681186613,0.00013847260564824545
26.0,-11.0,0.00034246204097827847,0.0001052363877560313
26.0,-10.0,0.00029690764399028087,7.88206468535028e-5
26.0,-9.0,0.0,0.0
26.0,-8.0,0.0,0.0
26.0,-7.0,0.0,0.0
26.0,-6.0,0.0,0.0
26.0,-5.0,0.0,0.0
26.0,-4.0,0.0,0.0
26.0,-3.0,0.0,0.0
26.0,-2.0,0.0,0.0
26.0,-1.0,0.0,0.0
26.0,0.0,0.0,0.0
27.0,-36.0,0.0,0.0
27.0,-35.0,0.0,0.0
27.0,-34.0,0.0,0.0
27.0,-33.0,0.0,0.0
27.0,-32.0,0.0,0.0
27.0,-31.0,0.0,0.0
27.0,-30.0,0.0,0.0
27.0,-29.0,0.0,0.0
27.0,-28.0,0.0,0.0
27.0,-27.0,0.0,0.0
27.0,-26.0,0.0,0.0
27.0,-25.0,0.0,0.0
27.0,-24.0,0.0,0.0
27.0,-23.0,0.0,0.0
27.0,-22.0,0.0,0.0
27.0,-21.0,0.0068595726461527845,0.010052364347768633
27.0,-20.0,0.007600062819920622,0.011420589343449701
27.0,-19.0,0.008260731351064587,0.012643851451427032
27.0,-18.0,0.008865092852249528,0.01376156846730682
27.0,-17.0,0.009425129710110954,0.014794237461624822
27.0,-16.0,0.009947592273100448,0.01575385316494346
27.0,-15.0,0.010436454554601758,0.0166479535094847
27.0,-14.0,0.0108940575086035,0.017481490719594744
27.0,-13.0,0.011321710499598205,0.0182578043184249
27.0,-12.0,0.01172003859452319,0.018979171907844195
27.0,-11.0,0.012089199100563983,0.01964714174305072
27.0,-10.0,0.012429025991142874,0.02026274406685336
27.0,-9.0,0.012739132300423586,0.020826631107383
27.0,-8.0,0.013018986820570379,0.021339173109233577
27.0,-7.0,0.013267974326389183,0.021800526209496466
27.0,-6.0,0.013485444644623177,0.02221068169227127
27.0,-5.0,2.9223862796081914e17,0.20842008309791965
27.0,-4.0,7.305965699020478e16,0.05210502077447991
27.0,-3.0,1.8264914247551196e16,0.013026255193619978
27.0,-2.0,4.566228561887799e15,0.0032565637984049945
27.0,-1.0,1.1415571404719498e15,0.0008141409496012486
27.0,0.0,2.8538928511798744e14,0.00020353523740031216
28.0,-36.0,0.0,0.0
28.0,-35.0,0.0,0.0
28.0,-34.0,0.0,0.0
28.0,-33.0,0.0,0.0
28.0,-32.0,0.0,0.0
28.0,-31.0,0.0,0.0
28.0,-30.0,0.0,0.0
28.0,-29.0,0.0,0.0
28.0,-28.0,0.0,0.0
28.0,-27.0,0.0,0.0
28.0,-26.0,0.0,0.0
28.0,-25.0,0.0,0.0
28.0,-24.0,0.0,0.0
28.0,-23.0,0.0,0.0
28.0,-22.0,0.005385597953223781,0.007175340504816933
28.0,-21.0,0.0019440497161053983,0.001720831264997527
28.0,-20.0,0.0015849259293883354,0.0012686923342221943
28.0,-19.0,0.0013225103245089955,0.0009630051745189945
28.0,-18.0,0.001118016703544747,0.0007417992860649363
28.0,-17.0,0.0009528356360045209,0.0005756621634689538
28.0,-16.0,0.0008163509686406116,0.00044802593375869987
28.0,-15.0,0.0007018417256042342,0.0003485496327315586
28.0,-14.0,0.000604744733859381,0.0002703194575385557
28.0,-13.0,0.0005218033152545783,0.00020847932042974493
28.0,-12.0,0.0004506065042159245,0.00015948985480524315
28.0,-11.0,0.00038932151255375696,0.00012069635536862894
28.0,-10.0,0.00033653136714935497,9.006189250506923e-5
28.0,-9.0,0.0,0.0
28.0,-8.0,0.0,0.0
28.0,-7.0,0.0,0.0
28.0,-6.0,0.0,0.0
28.0,-5.0,0.0,0.0
28.0,-4.0,0.0,0.0
28.0,-3.0,0.0,0.0
28.0,-2.0,0.0,0.0
28.0,-1.0,0.0,0.0
28.0,0.0,0.0,0.0
29.0,-36.0,0.0,0.0
29.0,-35.0,0.0,0.0
29.0,-34.0,0.0,0.0
29.0,-33.0,0.0,0.0
29.0,-32.0,0.0,0.0
29.0,-31.0,0.0,0.0
29.0,-30.0,0.0,0.0
29.0,-29.0,0.0,0.0
29.0,-28.0,0.0,0.0
29.0,-27.0,0.0,0.0
29.0,-26.0,0.0,0.0
29.0,-25.0,0.0,0.0
29.0,-24.0,0.0,0.0
29.0,-23.0,0.0,0.0
29.0,-22.0,0.004457814089391044,0.0054201002528941325
29.0,-21.0,0.002229769276109166,0.002037491415311145
29.0,-20.0,0.0017722107481641274,0.0014499622130667623
29.0,-19.0,0.0014596605695588677,0.0010808202070959087
29.0,-18.0,0.0012238273610163841,0.0008230354842231862
29.0,-17.0,0.0010369556107290721,0.0006335400568608776
29.0,-16.0,0.000884518305443225,0.0004900600229636384
29.0,-15.0,0.0007577990968737151,0.0003794120351730297
29.0,-14.0,0.0006510938639129861,0.00029309712587213035
29.0,-13.0,0.0005604391360238885,0.0002253024154492273
29.0,-12.0,0.00048295935143018886,0.00017187622376635593
29.0,-11.0,0.00041650219169881835,0.00012975396809062584
29.0,-10.0,0.0003594231700808985,9.661443973365157e-5
29.0,-9.0,0.0,0.0
29.0,-8.0,0.0,0.0
29.0,-7.0,0.0,0.0
29.0,-6.0,0.0,0.0
29.0,-5.0,0.0,0.0
29.0,-4.0,0.0,0.0
29.0,-3.0,0.0,0.0
29.0,-2.0,0.0,0.0
29.0,-1.0,0.0,0.0
29.0,0.0,0.0,0.0
30.0,-36.0,0.0,0.0
30.0,-35.0,0.0,0.0
30.0,-34.0,0.0,0.0
30.0,-33.0,0.0,0.0
30.0,-32.0,0.0,0.0
30.0,-31.0,0.0,0.0
30.0,-30.0,0.0,0.0
30.0,-29.0,0.0,0.0
30.0,-28.0,0.0,0.0
30.0,-27.0,0.0,0.0
30.0,-26.0,0.0,0.0
30.0,-25.0,0.0,0.0
30.0,-24.0,0.0,0.0
30.0,-23.0,0.0,0.0
30.0,-22.0,0.00436565007836051,0.005096501898501302
30.0,-21.0,0.0026523962334987204,0.0025372768542748637
30.0,-20.0,0.0020102137993702213,0.0016898868024424988
30.0,-19.0,0.001625067518290191,0.0012272431984643713
30.0,-18.0,0.0013480288583071667,0.0009206734945427419
30.0,-17.0,0.0011340616365694794,0.000701652241802573
30.0,-16.0,0.0009623177603999854,0.0005388083594175385
30.0,-15.0,0.0008211345930880654,0.0004148191686106026
30.0,-14.0,0.000703221040107653,0.00031901136322523555
30.0,-13.0,0.0006036715124741929,0.0002443145428120636
30.0,-12.0,0.0005190105793832696,0.0001857976752069837
30.0,-11.0,0.0004466833849673537,0.0001398873714308612
30.0,-10.0,0.0003847643199437262,0.0001039165310727234
30.0,-9.0,0.0003317849091766571,7.584770130064208e-5
30.0,-8.0,0.0,0.0
30.0,-7.0,0.0,0.0
30.0,-6.0,0.0,0.0
30.0,-5.0,0.0,0.0
30.0,-4.0,0.0,0.0
30.0,-3.0,0.0,0.0
30.0,-2.0,0.0,0.0
30.0,-1.0,0.0,0.0
30.0,0.0,0.0,0.0
31.0,-36.0,0.0,0.0
31.0,-35.0,0.0,0.0
31.0,-34.0,0.0,0.0
31.0,-33.0,0.0,0.0
31.0,-32.0,0.0,0.0
31.0,-31.0,0.0,0.0
31.0,-30.0,0.0,0.0
31.0,-29.0,0.0,0.0
31.0,-28.0,0.0,0.0
31.0,-27.0,0.0,0.0
31.0,-26.0,0.0,0.0
31.0,-25.0,0.0,0.0
31.0,-24.0,0.0,0.0
31.0,-23.0,0.0,0.0
31.0,-22.0,0.0,0.0
31.0,-21.0,0.0038607129798610977,0.004183541597530252
31.0,-20.0,0.002333326680523287,0.002033297097667242
31.0,-19.0,0.0018302914060004537,0.0014156310842757297
31.0,-18.0,0.0014962582498210773,0.001040465197080573
31.0,-17.0,0.0012474397336386764,0.0007829514052321965
31.0,-16.0,0.0010518740338718343,0.0005959480347425742
31.0,-15.0,0.0008933161448610287,0.00045578608764575607
31.0,-14.0,0.0007621870266504782,0.0003487025241861607
31.0,-13.0,0.0006522915875267926,0.00026593071901441403
31.0,-12.0,0.0005593638312917217,0.000201527675961106
31.0,-11.0,0.00048033340741730963,0.00015127827558876115
31.0,-10.0,0.0004129226339427624,0.00011208906011288393
31.0,-9.0,0.0003554141884198827,8.162876092094635e-5
31.0,-8.0,0.0,0.0
31.0,-7.0,0.0,0.0
31.0,-6.0,0.0,0.0
31.0,-5.0,0.0,0.0
31.0,-4.0,0.0,0.0
31.0,-3.0,0.0,0.0
31.0,-2.0,0.0,0.0
31.0,-1.0,0.0,0.0
31.0,0.0,0.0,0.0
32.0,-36.0,0.0,0.0
32.0,-35.0,0.0,0.0
32.0,-34.0,0.0,0.0
32.0,-33.0,0.0,0.0
32.0,-32.0,0.0,0.0
32.0,-31.0,0.0,0.0
32.0,-30.0,0.0,0.0
32.0,-29.0,0.0,0.0
32.0,-28.0,0.0,0.0
32.0,-27.0,0.0,0.0
32.0,-26.0,0.0,0.0
32.0,-25.0,0.0,0.0
32.0,-24.0,0.0,0.0
32.0,-23.0,0.0,0.0
32.0,-22.0,0.0,0.0
32.0,-21.0,0.0,0.0
32.0,-20.0,0.005019613667788103,0.005812201745710221
32.0,-19.0,0.0020965845214507817,0.0016714820572591097
32.0,-18.0,0.0016772096836466742,0.001191602611850143
32.0,-17.0,0.0013817233198618044,0.0008817393304437794
32.0,-16.0,0.0011560267967772944,0.0006637877154939968
32.0,-15.0,0.0009762381994663735,0.0005036577701336846
32.0,-14.0,0.000829327975583143,0.00038299621691782445
32.0,-13.0,0.0007072784960558116,0.00029067518431274243
32.0,-12.0,0.0006047563469680721,0.00021940623137070626
32.0,-11.0,0.0005180183544843415,0.0001641497722186608
32.0,-10.0,0.000444339070833756,0.0001212789372318147
32.0,-9.0,0.00038169097625217617,8.810257174171828e-5
32.0,-8.0,0.0,0.0
32.0,-7.0,0.0,0.0
32.0,-6.0,0.0,0.0
32.0,-5.0,0.0,0.0
32.0,-4.0,0.0,0.0
32.0,-3.0,0.0,0.0
32.0,-2.0,0.0,0.0
32.0,-1.0,0.0,0.0
32.0,0.0,0.0,0.0
33.0,-36.0,0.0,0.0
33.0,-35.0,0.0,0.0
33.0,-34.0,0.0,0.0
33.0,-33.0,0.0,0.0
33.0,-32.0,0.0,0.0
33.0,-31.0,0.0,0.0
33.0,-30.0,0.0,0.0
33.0,-29.0,0.0,0.0
33.0,-28.0,0.0,0.0
33.0,-27.0,0.0,0.0
33.0,-26.0,0.0,0.0
33.0,-25.0,0.0,0.0
33.0,-24.0,0.0,0.0
33.0,-23.0,0.0,0.0
33.0,-22.0,0.0,0.0
33.0,-21.0,0.0,0.0
33.0,-20.0,0.0,0.0
33.0,-19.0,0.005613453106703243,0.006540752660640534
33.0,-18.0,0.0019055807549534448,0.001390234721208343
33.0,-17.0,0.001543784891717375,0.0010046292192765407
33.0,-16.0,0.0012786951958116731,0.0007456192056712279
33.0,-15.0,0.001072400814598717,0.0005602616889658314
33.0,-14.0,0.0009063550162187145,0.00042297739946543577
33.0,-13.0,0.0007698598196429312,0.0003192202632215561
33.0,-12.0,0.0006560980846184456,0.00023986138227266276
33.0,-11.0,0.000560428646402486,0.00017877866637359318
33.0,-10.0,0.0004795463885564099,0.00013166632914541937
33.0,-9.0,0.00041103147715337173,9.538620042169097e-5
33.0,-8.0,0.0,0.0
33.0,-7.0,0.0,0.0
33.0,-6.0,0.0,0.0
33.0,-5.0,0.0,0.0
33.0,-4.0,0.0,0.0
33.0,-3.0,0.0,0.0
33.0,-2.0,0.0,0.0
33.0,-1.0,0.0,0.0
33.0,0.0,0.0,0.0
34.0,-36.0,0.0,0.0
34.0,-35.0,0.0,0.0
34.0,-34.0,0.0,0.0
34.0,-33.0,0.0,0.0
34.0,-32.0,0.0,0.0
34.0,-31.0,0.0,0.0
34.0,-30.0,0.0,0.0
34.0,-29.0,0.0,0.0
34.0,-28.0,0.0,0.0
34.0,-27.0,0.0,0.0
34.0,-26.0,0.0,0.0
34.0,-25.0,0.0,0.0
34.0,-24.0,0.0,0.0
34.0,-23.0,0.0,0.0
34.0,-22.0,0.0,0.0
34.0,-21.0,0.0,0.0
34.0,-20.0,0.0,0.0
34.0,-19.0,0.003161043650641932,0.002833169434811524
34.0,-18.0,0.0022102306269791263,0.0016694163296891266
34.0,-17.0,0.0017445770399346025,0.0011625809698657607
34.0,-16.0,0.0014255218623056213,0.0008463552885035896
34.0,-15.0,0.0011851967350137225,0.0006281593630935355
34.0,-14.0,0.0009955036999446446,0.00047010481589515715
34.0,-13.0,0.0008415981503655616,0.00035244361048352726
34.0,-12.0,0.0007145258455205789,0.00026343976548085906
34.0,-11.0,0.0006084148166516695,0.00019551253064944193
34.0,-10.0,0.0005191938066908874,0.000143474453762729
34.0,-9.0,0.0004439384831836541,0.00010362312099198295
34.0,-8.0,0.00038052008758183655,7.323054157374016e-5
34.0,-7.0,0.0,0.0
34.0,-6.0,0.0,0.0
34.0,-5.0,0.0,0.0
34.0,-4.0,0.0,0.0
34.0,-3.0,0.0,0.0
34.0,-2.0,0.0,0.0
34.0,-1.0,0.0,0.0
34.0,0.0,0.0,0.0
35.0,-36.0,0.0,0.0
35.0,-35.0,0.0,0.0
35.0,-34.0,0.0,0.0
35.0,-33.0,0.0,0.0
35.0,-32.0,0.0,0.0
35.0,-31.0,0.0,0.0
35.0,-30.0,0.0,0.0
35.0,-29.0,0.0,0.0
35.0,-28.0,0.0,0.0
35.0,-27.0,0.0,0.0
35.0,-26.0,0.0,0.0
35.0,-25.0,0.0,0.0
35.0,-24.0,0.0,0.0
35.0,-23.0,0.0,0.0
35.0,-22.0,0.0,0.0
35.0,-21.0,0.0,0.0
35.0,-20.0,0.0,0.0
35.0,-19.0,0.004477979153884069,0.004458883710415101
35.0,-18.0,0.0026673966905776184,0.0021205088949858195
35.0,-17.0,0.002003583122942512,0.0013759396036577569
35.0,-16.0,0.0016051176974388338,0.0009737957878865844
35.0,-15.0,0.0013193992804024814,0.0007110863769718682
35.0,-14.0,0.0010997676498833407,0.0005263953719574387
35.0,-13.0,0.0009245188417178874,0.0003915152814596068
35.0,-12.0,0.000781479905339764,0.0002908511667615837
35.0,-11.0,0.0006630366523937706,0.00021479377715230214
35.0,-10.0,0.0005640800942180428,0.00015698306014595164
35.0,-9.0,0.00048102446630200816,0.00011299092402662128
35.0,-8.0,0.0004112988059134507,7.961670725887445e-5
35.0,-7.0,0.0,0.0
35.0,-6.0,0.0,0.0
35.0,-5.0,0.0,0.0
35.0,-4.0,0.0,0.0
35.0,-3.0,0.0,0.0
35.0,-2.0,0.0,0.0
35.0,-1.0,0.0,0.0
35.0,0.0,0.0,0.0
36.0,-36.0,0.0,0.0
36.0,-35.0,0.0,0.0
36.0,-34.0,0.0,0.0
36.0,-33.0,0.0,0.0
36.0,-32.0,0.0,0.0
36.0,-31.0,0.0,0.0
36.0,-30.0,0.0,0.0
36.0,-29.0,0.0,0.0
36.0,-28.0,0.0,0.0
36.0,-27.0,0.0,0.0
36.0,-26.0,0.0,0.0
36.0,-25.0,0.0,0.0
36.0,-24.0,0.0,0.0
36.0,-23.0,0.0,0.0
36.0,-22.0,0.0,0.0
36.0,-21.0,0.0,0.0
36.0,-20.0,0.0,0.0
36.0,-19.0,0.0,0.0
36.0,-18.0,0.003970631084067911,0.003630007971800653
36.0,-17.0,0.0023627569205989527,0.0016905911604839796
36.0,-16.0,0.0018317914916059397,0.0011414779349060544
36.0,-15.0,0.001482057468369628,0.0008147835974198665
36.0,-14.0,0.0012232831574506494,0.0005947372213238579
36.0,-13.0,0.0010213056139678131,0.00043803536364365466
36.0,-12.0,0.000858815535998469,0.0003230354257123518
36.0,-11.0,0.0007256321196750084,0.00023719444783226024
36.0,-10.0,0.0006151987222153171,0.0001725473437043858
36.0,-9.0,0.0005230424386188018,0.00012371188478804864
36.0,-8.0,0.0004460161464842761,8.688472219428974e-5
36.0,-7.0,0.0,0.0
36.0,-6.0,0.0,0.0
36.0,-5.0,0.0,0.0
36.0,-4.0,0.0,0.0
36.0,-3.0,0.0,0.0
36.0,-2.0,0.0,0.0
36.0,-1.0,0.0,0.0
36.0,0.0,0.0,0.0
37.0,-36.0,0.0,0.0
37.0,-35.0,0.0,0.0
37.0,-34.0,0.0,0.0
37.0,-33.0,0.0,0.0
37.0,-32.0,0.0,0.0
37.0,-31.0,0.0,0.0
37.0,-30.0,0.0,0.0
37.0,-29.0,0.0,0.0
37.0,-28.0,0.0,0.0
37.0,-27.0,0.0,0.0
37.0,-26.0,0.0,0.0
37.0,-25.0,0.0,0.0
37.0,-24.0,0.0,0.0
37.0,-23.0,0.0,0.0
37.0,-22.0,0.0,0.0
37.0,-21.0,0.0,0.0
37.0,-20.0,0.0,0.0
37.0,-19.0,0.0,0.0
37.0,-18.0,0.005025128368845699,0.004829894575985045
37.0,-17.0,0.002963033506935576,0.002268878945460168
37.0,-16.0,0.0021328063367767785,0.0013764531662745836
37.0,-15.0,0.0016843191372023067,0.000948740320593331
37.0,-14.0,0.0013720056810093354,0.0006794583279812573
37.0,-13.0,0.0011356140820681438,0.0004942620659066338
37.0,-12.0,0.0009489707951163598,0.00036126652527096833
37.0,-11.0,0.0007979165034080959,0.0002634679052152588
37.0,-10.0,0.0006738007071325073,0.00019062508750040694
37.0,-9.0,0.0005709278556944554,0.0001360677214679852
37.0,-8.0,0.0004853840524610267,9.52080264013057e-5
37.0,-7.0,0.0,0.0
37.0,-6.0,0.0,0.0
37.0,-5.0,0.0,0.0
37.0,-4.0,0.0,0.0
37.0,-3.0,0.0,0.0
37.0,-2.0,0.0,0.0
37.0,-1.0,0.0,0.0
37.0,0.0,0.0,0.0
38.0,-36.0,0.0,0.0
38.0,-35.0,0.0,0.0
38.0,-34.0,0.0,0.0
38.0,-33.0,0.0,0.0
38.0,-32.0,0.0,0.0
38.0,-31.0,0.0,0.0
38.0,-30.0,0.0,0.0
38.0,-29.0,0.0,0.0
38.0,-28.0,0.0,0.0
38.0,-27.0,0.0,0.0
38.0,-26.0,0.0,0.0
38.0,-25.0,0.0,0.0
38.0,-24.0,0.0,0.0
38.0,-23.0,0.0,0.0
38.0,-22.0,0.0,0.0
38.0,-21.0,0.0,0.0
38.0,-20.0,0.0,0.0
38.0,-19.0,0.0,0.0
38.0,-18.0,0.0,0.0
38.0,-17.0,0.004375460917583344,0.003818151352613739
38.0,-16.0,0.0025756006916053597,0.0017492311392840138
38.0,-15.0,0.0019457532515646339,0.001130448256076939
38.0,-14.0,0.0015550101236391995,0.0007874551333816143
38.0,-13.0,0.0012726044764958418,0.0005635129194000692
38.0,-12.0,0.0010552295486887984,0.0004073216570558035
38.0,-11.0,0.0008821293877586282,0.0002946281943017582
38.0,-10.0,0.0007414841250567044,0.00021181663218711985
38.0,-9.0,0.0006258565676617241,0.00015042064667670658
38.0,-8.0,0.0005302863563712037,0.0001048061912644769
38.0,-7.0,0.0004514039119290119,7.103938360374696e-5
38.0,-6.0,0.0,0.0
38.0,-5.0,0.0,0.0
38.0,-4.0,0.0,0.0
38.0,-3.0,0.0,0.0
38.0,-2.0,0.0,0.0
38.0,-1.0,0.0,0.0
38.0,0.0,0.0,0.0
39.0,-36.0,0.0,0.0
39.0,-35.0,0.0,0.0
39.0,-34.0,0.0,0.0
39.0,-33.0,0.0,0.0
39.0,-32.0,0.0,0.0
39.0,-31.0,0.0,0.0
39.0,-30.0,0.0,0.0
39.0,-29.0,0.0,0.0
39.0,-28.0,0.0,0.0
39.0,-27.0,0.0,0.0
39.0,-26.0,0.0,0.0
39.0,-25.0,0.0,0.0
39.0,-24.0,0.0,0.0
39.0,-23.0,0.0,0.0
39.0,-22.0,0.0,0.0
39.0,-21.0,0.0,0.0
39.0,-20.0,0.0,0.0
39.0,-19.0,0.0,0.0
39.0,-18.0,0.0,0.0
39.0,-17.0,0.0,0.0
39.0,-16.0,0.0035867450932207286,0.002736530086041053
39.0,-15.0,0.0023074567685143774,0.001398675823302229
39.0,-14.0,0.0017873217986249517,0.0009307304213493437
39.0,-13.0,0.0014399189190155664,0.000650927359163538
39.0,-12.0,0.0011821556943465684,0.00046377093847796213
39.0,-11.0,0.0009812607870264775,0.0003320768081084127
39.0,-10.0,0.0008203251915879846,0.00023692556917610054
39.0,-9.0,0.0006893266985483794,0.00016724414234035116
39.0,-8.0,0.0005818327015956535,0.00011596105875010338
39.0,-7.0,0.000493569748877728,7.828400973124033e-5
39.0,-6.0,0.0,Inf
39.0,-5.0,0.0,Inf
39.0,-4.0,0.0,Inf
39.0,-3.0,0.0,Inf
39.0,-2.0,0.0,Inf
39.0,-1.0,0.0,Inf
39.0,0.0,0.0,Inf
40.0,-36.0,0.0,0.0
40.0,-35.0,0.0,0.0
40.0,-34.0,0.0,0.0
40.0,-33.0,0.0,0.0
40.0,-32.0,0.0,0.0
40.0,-31.0,0.0,0.0
40.0,-30.0,0.0,0.0
40.0,-29.0,0.0,0.0
40.0,-28.0,0.0,0.0
40.0,-27.0,0.0,0.0
40.0,-26.0,0.0,0.0
40.0,-25.0,0.0,0.0
40.0,-24.0,0.0,0.0
40.0,-23.0,0.0,0.0
40.0,-22.0,0.0,0.0
40.0,-21.0,0.0,0.0
40.0,-20.0,0.0,0.0
40.0,-19.0,0.0,0.0
40.0,-18.0,0.0,0.0
40.0,-17.0,0.0,0.0
40.0,-16.0,0.005006314210359759,0.004201979415929318
40.0,-15.0,0.005256567922616506,0.0045318083876790295
40.0,-14.0,0.0020973688967729403,0.0011332908764740243
40.0,-13.0,0.0016496729994794743,0.0007650775055178453
40.0,-12.0,0.001336359857837757,0.0005345091645687596
40.0,-11.0,0.0010994155599486407,0.00037781528974252906
40.0,-10.0,0.0009130767731095754,0.00026705434613173565
40.0,-9.0,0.0007632773092112047,0.00018716926339742003
40.0,-8.0,0.0006414342160432292,0.00012904019347331668
40.0,-7.0,0.0005420143608588371,8.671068387464539e-5
40.0,-6.0,0.0,0.0
40.0,-5.0,0.0,0.0
40.0,-4.0,0.0,0.0
40.0,-3.0,0.0,0.0
40.0,-2.0,0.0,0.0
40.0,-1.0,0.0,0.0
40.0,0.0,0.0,0.0
41.0,-36.0,0.0,0.0
41.0,-35.0,0.0,0.0
41.0,-34.0,0.0,0.0
41.0,-33.0,0.0,0.0
41.0,-32.0,0.0,0.0
41.0,-31.0,0.0,0.0
41.0,-30.0,0.0,0.0
41.0,-29.0,0.0,0.0
41.0,-28.0,0.0,0.0
41.0,-27.0,0.0,0.0
41.0,-26.0,0.0,0.0
41.0,-25.0,0.0,0.0
41.0,-24.0,0.0,0.0
41.0,-23.0,0.0,0.0
41.0,-22.0,0.0,0.0
41.0,-21.0,0.0,0.0
41.0,-20.0,0.0,0.0
41.0,-19.0,0.0,0.0
41.0,-18.0,0.0,0.0
41.0,-17.0,0.0,0.0
41.0,-16.0,0.0,0.0
41.0,-15.0,0.004394265222532358,0.0033168876915252
41.0,-14.0,0.002554480673483488,0.0014574242095849333
41.0,-13.0,0.0019231883638681075,0.0009219351602313287
41.0,-12.0,0.0015279813531203642,0.0006258252345161859
41.0,-11.0,0.0012424367060650068,0.000434824470534638
41.0,-10.0,0.0010234818411618042,0.0003037617688473603
41.0,-9.0,0.0008502657242087679,0.00021105673476278967
41.0,-8.0,0.0007109122284900332,0.00014453190145739494
41.0,-7.0,0.0005980714040515926,9.659824564147924e-5
41.0,-6.0,0.0,0.0
41.0,-5.0,0.0,0.0
41.0,-4.0,0.0,0.0
41.0,-3.0,0.0,0.0
41.0,-2.0,0.0,0.0
41.0,-1.0,0.0,0.0
41.0,0.0,0.0,0.0
42.0,-36.0,0.0,0.0
42.0,-35.0,0.0,0.0
42.0,-34.0,0.0,0.0
42.0,-33.0,0.0,0.0
42.0,-32.0,0.0,0.0
42.0,-31.0,0.0,0.0
42.0,-30.0,0.0,0.0
42.0,-29.0,0.0,0.0
42.0,-28.0,0.0,0.0
42.0,-27.0,0.0,0.0
42.0,-26.0,0.0,0.0
42.0,-25.0,0.0,0.0
42.0,-24.0,0.0,0.0
42.0,-23.0,0.0,0.0
42.0,-22.0,0.0,0.0
42.0,-21.0,0.0,0.0
42.0,-20.0,0.0,0.0
42.0,-19.0,0.0,0.0
42.0,-18.0,0.0,0.0
42.0,-17.0,0.0,0.0
42.0,-16.0,0.0,0.0
42.0,-15.0,0.0,0.0
42.0,-14.0,0.004531049695646765,0.0032925221026842946
42.0,-13.0,0.0023054391775071347,0.0011574184570012425
42.0,-12.0,0.001773945016963535,0.0007488482856257954
42.0,-11.0,0.0014190591535817182,0.0005077977884409474
42.0,-10.0,0.0011567954610501097,0.00034933742496513884
42.0,-9.0,0.0009537427371864025,0.00024011396809462914
42.0,-8.0,0.0007926589017772646,0.00016309923135658273
42.0,-7.0,0.000663458532524482,0.0001083162916774275
42.0,-6.0,0.0005600091104219907,6.939752561337491e-5
42.0,-5.0,0.0,0.0
42.0,-4.0,0.0,0.0
42.0,-3.0,0.0,0.0
42.0,-2.0,0.0,0.0
42.0,-1.0,0.0,0.0
42.0,0.0,0.0,0.0
43.0,-36.0,0.0,0.0
43.0,-35.0,0.0,0.0
43.0,-34.0,0.0,0.0
43.0,-33.0,0.0,0.0
43.0,-32.0,0.0,0.0
43.0,-31.0,0.0,0.0
43.0,-30.0,0.0,0.0
43.0,-29.0,0.0,0.0
43.0,-28.0,0.0,0.0
43.0,-27.0,0.0,0.0
43.0,-26.0,0.0,0.0
43.0,-25.0,0.0,0.0
43.0,-24.0,0.0,0.0
43.0,-23.0,0.0,0.0
43.0,-22.0,0.0,0.0
43.0,-21.0,0.0,0.0
43.0,-20.0,0.0,0.0
43.0,-19.0,0.0,0.0
43.0,-18.0,0.0,0.0
43.0,-17.0,0.0,0.0
43.0,-16.0,0.0,0.0
43.0,-15.0,0.0,0.0
43.0,-14.0,0.005193189217330066,0.0037675144095651323
43.0,-13.0,0.002939808544430547,0.0015947606605774393
43.0,-12.0,0.0021066847726521434,0.00092636589705333
43.0,-11.0,0.001643293183532442,0.0006047251985585656
43.0,-10.0,0.0013207168942984562,0.0004073156424973492
43.0,-9.0,0.001078500619655879,0.0002760950044761796
43.0,-8.0,0.0008898828726910254,0.00018566653632017444
43.0,-7.0,0.0007404244209745631,0.0001223650281442395
43.0,-6.0,0.000621688329187412,7.793159273545861e-5
43.0,-5.0,0.0,0.0
43.0,-4.0,0.0,0.0
43.0,-3.0,0.0,0.0
43.0,-2.0,0.0,0.0
43.0,-1.0,0.0,0.0
43.0,0.0,0.0,0.0
44.0,-36.0,0.0,0.0
44.0,-35.0,0.0,0.0
44.0,-34.0,0.0,0.0
44.0,-33.0,0.0,0.0
44.0,-32.0,0.0,0.0
44.0,-31.0,0.0,0.0
44.0,-30.0,0.0,0.0
44.0,-29.0,0.0,0.0
44.0,-28.0,0.0,0.0
44.0,-27.0,0.0,0.0
44.0,-26.0,0.0,0.0
44.0,-25.0,0.0,0.0
44.0,-24.0,0.0,0.0
44.0,-23.0,0.0,0.0
44.0,-22.0,0.0,0.0
44.0,-21.0,0.0,0.0
44.0,-20.0,0.0,0.0
44.0,-19.0,0.0,0.0
44.0,-18.0,0.0,0.0
44.0,-17.0,0.0,0.0
44.0,-16.0,0.0,0.0
44.0,-15.0,0.0,0.0
44.0,-14.0,0.0,0.0
44.0,-13.0,0.0045601847086851836,0.0029279027538005875
44.0,-12.0,0.002607623403874541,0.0012200596177519391
44.0,-11.0,0.001940218170122232,0.0007409198452586438
44.0,-10.0,0.0015272204350742671,0.000483536161197197
44.0,-9.0,0.0012314491763307854,0.00032166525709903656
44.0,-8.0,0.0010070014218714301,0.0002135649856988818
44.0,-7.0,0.0008319707294793254,0.00013943849215409038
44.0,-6.0,0.0006943177503948514,8.817241637187133e-5
44.0,-5.0,0.0,0.0
44.0,-4.0,0.0,0.0
44.0,-3.0,0.0,0.0
44.0,-2.0,0.0,0.0
44.0,-1.0,0.0,0.0
44.0,0.0,0.0,0.0
45.0,-36.0,0.0,0.0
45.0,-35.0,0.0,0.0
45.0,-34.0,0.0,0.0
45.0,-33.0,0.0,0.0
45.0,-32.0,0.0,0.0
45.0,-31.0,0.0,0.0
45.0,-30.0,0.0,0.0
45.0,-29.0,0.0,0.0
45.0,-28.0,0.0,0.0
45.0,-27.0,0.0,0.0
45.0,-26.0,0.0,0.0
45.0,-25.0,0.0,0.0
45.0,-24.0,0.0,0.0
45.0,-23.0,0.0,0.0
45.0,-22.0,0.0,0.0
45.0,-21.0,0.0,0.0
45.0,-20.0,0.0,0.0
45.0,-19.0,0.0,0.0
45.0,-18.0,0.0,0.0
45.0,-17.0,0.0,0.0
45.0,-16.0,0.0,0.0
45.0,-15.0,0.0,0.0
45.0,-14.0,0.0,0.0
45.0,-13.0,0.0,0.0
45.0,-12.0,0.003965058942622302,0.0022106469035803613
45.0,-11.0,0.0023644657389400117,0.0009524511549649305
45.0,-10.0,0.0017966817400609184,0.0005886580180033568
45.0,-9.0,0.0014230774362257604,0.00038112695674753555
45.0,-8.0,0.0011503023544107904,0.00024879226359843454
45.0,-7.0,0.0009422005221624535,0.00016052938322780685
45.0,-6.0,0.000780715488040752,0.00010062582078279773
45.0,-5.0,0.0006563845967009069,5.994964332609042e-5
45.0,-4.0,0.0,0.0
45.0,-3.0,0.0,0.0
45.0,-2.0,0.0,0.0
45.0,-1.0,0.0,0.0
45.0,0.0,0.0,0.0
46.0,-36.0,0.0,0.0
46.0,-35.0,0.0,0.0
46.0,-34.0,0.0,0.0
46.0,-33.0,0.0,0.0
46.0,-32.0,0.0,0.0
46.0,-31.0,0.0,0.0
46.0,-30.0,0.0,0.0
46.0,-29.0,0.0,0.0
46.0,-28.0,0.0,0.0
46.0,-27.0,0.0,0.0
46.0,-26.0,0.0,0.0
46.0,-25.0,0.0,0.0
46.0,-24.0,0.0,0.0
46.0,-23.0,0.0,0.0
46.0,-22.0,0.0,0.0
46.0,-21.0,0.0,0.0
46.0,-20.0,0.0,0.0
46.0,-19.0,0.0,0.0
46.0,-18.0,0.0,0.0
46.0,-17.0,0.0,0.0
46.0,-16.0,0.0,0.0
46.0,-15.0,0.0,0.0
46.0,-14.0,0.0,0.0
46.0,-13.0,0.0,0.0
46.0,-12.0,0.0,0.0
46.0,-11.0,0.005313946123682567,0.0032194766357190197
46.0,-10.0,0.0021694369396458844,0.0007455658766683344
46.0,-9.0,0.0016705527781028903,0.00046204626134782107
46.0,-8.0,0.0013291470151825739,0.00029451361715358707
46.0,-7.0,0.0010768931349115754,0.00018711275127166255
46.0,-6.0,0.0008847104172970293,0.00011601160244536283
46.0,-5.0,0.000738194864789231,6.856632502465982e-5
46.0,-4.0,0.0,0.0
46.0,-3.0,0.0,0.0
46.0,-2.0,0.0,0.0
46.0,-1.0,0.0,0.0
46.0,0.0,0.0,0.0
47.0,-36.0,0.0,0.0
47.0,-35.0,0.0,0.0
47.0,-34.0,0.0,0.0
47.0,-33.0,0.0,0.0
47.0,-32.0,0.0,0.0
47.0,-31.0,0.0,0.0
47.0,-30.0,0.0,0.0
47.0,-29.0,0.0,0.0
47.0,-28.0,0.0,0.0
47.0,-27.0,0.0,0.0
47.0,-26.0,0.0,0.0
47.0,-25.0,0.0,0.0
47.0,-24.0,0.0,0.0
47.0,-23.0,0.0,0.0
47.0,-22.0,0.0,0.0
47.0,-21.0,0.0,0.0
47.0,-20.0,0.0,0.0
47.0,-19.0,0.0,0.0
47.0,-18.0,0.0,0.0
47.0,-17.0,0.0,0.0
47.0,-16.0,0.0,0.0
47.0,-15.0,0.0,0.0
47.0,-14.0,0.0,0.0
47.0,-13.0,0.0,0.0
47.0,-12.0,0.0,0.0
47.0,-11.0,0.004948593411169051,0.0026506797155328296
47.0,-10.0,0.0027549221893001788,0.0010225106816805548
47.0,-9.0,0.002005589737831651,0.000579626645206676
47.0,-8.0,0.0015583946188903247,0.00035613675724236496
47.0,-7.0,0.0012445172915419907,0.00022149150451439585
47.0,-6.0,0.001011647476819555,0.00013539110463427027
47.0,-5.0,0.000836602634954516,7.92244274500951e-5
47.0,-4.0,0.0,0.0
47.0,-3.0,0.0,0.0
47.0,-2.0,0.0,0.0
47.0,-1.0,0.0,0.0
47.0,0.0,0.0,0.0
48.0,-36.0,0.0,0.0
48.0,-35.0,0.0,0.0
48.0,-34.0,0.0,0.0
48.0,-33.0,0.0,0.0
48.0,-32.0,0.0,0.0
48.0,-31.0,0.0,0.0
48.0,-30.0,0.0,0.0
48.0,-29.0,0.0,0.0
48.0,-28.0,0.0,0.0
48.0,-27.0,0.0,0.0
48.0,-26.0,0.0,0.0
48.0,-25.0,0.0,0.0
48.0,-24.0,0.0,0.0
48.0,-23.0,0.0,0.0
48.0,-22.0,0.0,0.0
48.0,-21.0,0.0,0.0
48.0,-20.0,0.0,0.0
48.0,-19.0,0.0,0.0
48.0,-18.0,0.0,0.0
48.0,-17.0,0.0,0.0
48.0,-16.0,0.0,0.0
48.0,-15.0,0.0,0.0
48.0,-14.0,0.0,0.0
48.0,-13.0,0.0,0.0
48.0,-12.0,0.0,0.0
48.0,-11.0,0.0,0.0
48.0,-10.0,0.004434879352761669,0.0020476366408716125
48.0,-9.0,0.0025018300611164886,0.0007728232750721893
48.0,-8.0,0.001864095097216606,0.0004440031904341872
48.0,-7.0,0.0014581860976083385,0.00026751094412909635
48.0,-6.0,0.0011692541494655493,0.00016040208950637727
48.0,-5.0,0.000956561252299533,9.265689284074183e-5
48.0,-4.0,0.0,0.0
48.0,-3.0,0.0,0.0
48.0,-2.0,0.0,0.0
48.0,-1.0,0.0,0.0
48.0,0.0,0.0,0.0
49.0,-36.0,0.0,0.0
49.0,-35.0,0.0,0.0
49.0,-34.0,0.0,0.0
49.0,-33.0,0.0,0.0
49.0,-32.0,0.0,0.0
49.0,-31.0,0.0,0.0
49.0,-30.0,0.0,0.0
49.0,-29.0,0.0,0.0
49.0,-28.0,0.0,0.0
49.0,-27.0,0.0,0.0
49.0,-26.0,0.0,0.0
49.0,-25.0,0.0,0.0
49.0,-24.0,0.0,0.0
49.0,-23.0,0.0,0.0
49.0,-22.0,0.0,0.0
49.0,-21.0,0.0,0.0
49.0,-20.0,0.0,0.0
49.0,-19.0,0.0,0.0
49.0,-18.0,0.0,0.0
49.0,-17.0,0.0,0.0
49.0,-16.0,0.0,0.0
49.0,-15.0,0.0,0.0
49.0,-14.0,0.0,0.0
49.0,-13.0,0.0,0.0
49.0,-12.0,0.0,0.0
49.0,-11.0,0.0,0.0
49.0,-10.0,0.0,0.0
49.0,-9.0,0.005076297169106123,0.0023168402387000464
49.0,-8.0,0.002300685249100979,0.0005820609227424572
49.0,-7.0,0.0017399606740226648,0.00033224912799796353
49.0,-6.0,0.0013692501120353552,0.0001937297625614257
49.0,-5.0,0.0011051461489791762,0.0001099846788844979
49.0,-4.0,0.0009177666230804865,5.814316424602112e-5
49.0,-3.0,0.0,0.0
49.0,-2.0,0.0,0.0
49.0,-1.0,0.0,0.0
49.0,0.0,0.0,0.0
50.0,-36.0,0.0,0.0
50.0,-35.0,0.0,0.0
50.0,-34.0,0.0,0.0
50.0,-33.0,0.0,0.0
50.0,-32.0,0.0,0.0
50.0,-31.0,0.0,0.0
50.0,-30.0,0.0,0.0
50.0,-29.0,0.0,0.0
50.0,-28.0,0.0,0.0
50.0,-27.0,0.0,0.0
50.0,-26.0,0.0,0.0
50.0,-25.0,0.0,0.0
50.0,-24.0,0.0,0.0
50.0,-23.0,0.0,0.0
50.0,-22.0,0.0,0.0
50.0,-21.0,0.0,0.0
50.0,-20.0,0.0,0.0
50.0,-19.0,0.0,0.0
50.0,-18.0,0.0,0.0
50.0,-17.0,0.0,0.0
50.0,-16.0,0.0,0.0
50.0,-15.0,0.0,0.0
50.0,-14.0,0.0,0.0
50.0,-13.0,0.0,0.0
50.0,-12.0,0.0,0.0
50.0,-11.0,0.0,0.0
50.0,-10.0,0.0,0.0
50.0,-9.0,0.0,0.0
50.0,-8.0,0.003039650141768001,0.0008556976973064075
50.0,-7.0,0.0021325153848727033,0.00043094640696027535
50.0,-6.0,0.001630700153574769,0.000240170253342732
50.0,-5.0,0.0012928944981084028,0.00013301949127238818
50.0,-4.0,0.0010582548234024617,6.927497474322644e-5
50.0,-3.0,0.0,0.0
50.0,-2.0,0.0,0.0
50.0,-1.0,0.0,0.0
50.0,0.0,0.0,0.0
51.0,-36.0,0.0,0.0
51.0,-35.0,0.0,0.0
51.0,-34.0,0.0,0.0
51.0,-33.0,0.0,0.0
51.0,-32.0,0.0,0.0
51.0,-31.0,0.0,0.0
51.0,-30.0,0.0,0.0
51.0,-29.0,0.0,0.0
51.0,-28.0,0.0,0.0
51.0,-27.0,0.0,0.0
51.0,-26.0,0.0,0.0
51.0,-25.0,0.0,0.0
51.0,-24.0,0.0,0.0
51.0,-23.0,0.0,0.0
51.0,-22.0,0.0,0.0
51.0,-21.0,0.0,0.0
51.0,-20.0,0.0,0.0
51.0,-19.0,0.0,0.0
51.0,-18.0,0.0,0.0
51.0,-17.0,0.0,0.0
51.0,-16.0,0.0,0.0
51.0,-15.0,0.0,0.0
51.0,-14.0,0.0,0.0
51.0,-13.0,0.0,0.0
51.0,-12.0,0.0,0.0
51.0,-11.0,0.0,0.0
51.0,-10.0,0.0,0.0
51.0,-9.0,0.0,0.0
51.0,-8.0,0.0,0.0
51.0,-7.0,0.0027458955456298186,0.0006082902296569743
51.0,-6.0,0.0019883383250827915,0.00030949836817108873
51.0,-5.0,0.0015364625960999278,0.0001649210279502391
51.0,-4.0,0.0012348858105373484,8.40769005490907e-5
51.0,-3.0,0.0,0.0
51.0,-2.0,0.0,0.0
51.0,-1.0,0.0,0.0
51.0,0.0,0.0,0.0
52.0,-36.0,0.0,0.0
52.0,-35.0,0.0,0.0
52.0,-34.0,0.0,0.0
52.0,-33.0,0.0,0.0
52.0,-32.0,0.0,0.0
52.0,-31.0,0.0,0.0
52.0,-30.0,0.0,0.0
52.0,-29.0,0.0,0.0
52.0,-28.0,0.0,0.0
52.0,-27.0,0.0,0.0
52.0,-26.0,0.0,0.0
52.0,-25.0,0.0,0.0
52.0,-24.0,0.0,0.0
52.0,-23.0,0.0,0.0
52.0,-22.0,0.0,0.0
52.0,-21.0,0.0,0.0
52.0,-20.0,0.0,0.0
52.0,-19.0,0.0,0.0
52.0,-18.0,0.0,0.0
52.0,-17.0,0.0,0.0
52.0,-16.0,0.0,0.0
52.0,-15.0,0.0,0.0
52.0,-14.0,0.0,0.0
52.0,-13.0,0.0,0.0
52.0,-12.0,0.0,0.0
52.0,-11.0,0.0,0.0
52.0,-10.0,0.0,0.0
52.0,-9.0,0.0,0.0
52.0,-8.0,0.0,0.0
52.0,-7.0,0.0,0.0
52.0,-6.0,0.002520626674856517,0.0004269758240523526
52.0,-5.0,0.001864749280308886,0.0002118597797119003
52.0,-4.0,0.0014622274755588672,0.00010452401219651644
52.0,-3.0,0.0012165580668912575,4.592717284335242e-5
52.0,-2.0,0.0,0.0
52.0,-1.0,0.0,0.0
52.0,0.0,0.0,0.0
53.0,-36.0,0.0,0.0
53.0,-35.0,0.0,0.0
53.0,-34.0,0.0,0.0
53.0,-33.0,0.0,0.0
53.0,-32.0,0.0,0.0
53.0,-31.0,0.0,0.0
53.0,-30.0,0.0,0.0
53.0,-29.0,0.0,0.0
53.0,-28.0,0.0,0.0
53.0,-27.0,0.0,0.0
53.0,-26.0,0.0,0.0
53.0,-25.0,0.0,0.0
53.0,-24.0,0.0,0.0
53.0,-23.0,0.0,0.0
53.0,-22.0,0.0,0.0
53.0,-21.0,0.0,0.0
53.0,-20.0,0.0,0.0
53.0,-19.0,0.0,0.0
53.0,-18.0,0.0,0.0
53.0,-17.0,0.0,0.0
53.0,-16.0,0.0,0.0
53.0,-15.0,0.0,0.0
53.0,-14.0,0.0,0.0
53.0,-13.0,0.0,0.0
53.0,-12.0,0.0,0.0
53.0,-11.0,0.0,0.0
53.0,-10.0,0.0,0.0
53.0,-9.0,0.0,0.0
53.0,-8.0,0.0,0.0
53.0,-7.0,0.0,0.0
53.0,-6.0,0.0035585742708186523,0.0007191927770457175
53.0,-5.0,0.0023369723545141564,0.0002884113164912447
53.0,-4.0,0.0017645171582748803,0.00013434746088420864
53.0,-3.0,0.0014277619575534274,5.758434670872244e-5
53.0,-2.0,0.0,0.0
53.0,-1.0,0.0,0.0
53.0,0.0,0.0,0.0
54.0,-36.0,0.0,0.0
54.0,-35.0,0.0,0.0
54.0,-34.0,0.0,0.0
54.0,-33.0,0.0,0.0
54.0,-32.0,Inf,0.0
54.0,-31.0,0.0,0.0
54.0,-30.0,0.0,0.0
54.0,-29.0,0.0,0.0
54.0,-28.0,0.0,0.0
54.0,-27.0,0.0,0.0
54.0,-26.0,0.0,0.0
54.0,-25.0,0.0,0.0
54.0,-24.0,0.0,0.0
54.0,-23.0,0.0,0.0
54.0,-22.0,0.0,0.0
54.0,-21.0,0.0,0.0
54.0,-20.0,0.0,0.0
54.0,-19.0,0.0,0.0
54.0,-18.0,0.0,0.0
54.0,-17.0,0.0,0.0
54.0,-16.0,0.0,0.0
54.0,-15.0,0.0,0.0
54.0,-14.0,0.0,0.0
54.0,-13.0,0.0,0.0
54.0,-12.0,0.0,0.0
54.0,-11.0,0.0,0.0
54.0,-10.0,0.0,0.0
54.0,-9.0,0.0,0.0
54.0,-8.0,0.0,0.0
54.0,-7.0,0.0,0.0
54.0,-6.0,0.0,0.0
54.0,-5.0,0.0031323293698395415,0.00044706151026017207
54.0,-4.0,0.002187729924393188,0.00018178887131076613
54.0,-3.0,0.0017048290428516805,7.455531602431745e-5
54.0,-2.0,0.0,0.0
54.0,-1.0,0.0,0.0
54.0,0.0,0.0,0.0
55.0,-36.0,0.0,0.0
55.0,-35.0,0.0,0.0
55.0,-34.0,0.0,0.0
55.0,-33.0,0.0,0.0
55.0,-32.0,Inf,0.0
55.0,-31.0,0.0,0.0
55.0,-30.0,0.0,0.0
55.0,-29.0,0.0,0.0
55.0,-28.0,0.0,0.0
55.0,-27.0,0.0,0.0
55.0,-26.0,0.0,0.0
55.0,-25.0,0.0,0.0
55.0,-24.0,0.0,0.0
55.0,-23.0,0.0,0.0
55.0,-22.0,0.0,0.0
55.0,-21.0,0.0,0.0
55.0,-20.0,0.0,0.0
55.0,-19.0,0.0,0.0
55.0,-18.0,0.0,0.0
55.0,-17.0,0.0,0.0
55.0,-16.0,0.0,0.0
55.0,-15.0,0.0,0.0
55.0,-14.0,0.0,0.0
55.0,-13.0,0.0,0.0
55.0,-12.0,0.0,0.0
55.0,-11.0,0.0,0.0
55.0,-10.0,0.0,0.0
55.0,-9.0,0.0,0.0
55.0,-8.0,0.0,0.0
55.0,-7.0,0.0,0.0
55.0,-6.0,0.0,0.0
55.0,-5.0,0.0,0.0
55.0,-4.0,0.0,0.0
55.0,-3.0,0.0,0.0
55.0,-2.0,0.0,0.0
55.0,-1.0,0.0,0.0
55.0,0.0,0.0,0.0
56.0,-36.0,0.0,0.0
56.0,-35.0,0.0,0.0
56.0,-34.0,0.0,0.0
56.0,-33.0,0.0,0.0
56.0,-32.0,Inf,0.0
56.0,-31.0,0.0,0.0
56.0,-30.0,0.0,0.0
56.0,-29.0,0.0,0.0
56.0,-28.0,0.0,0.0
56.0,-27.0,0.0,0.0
56.0,-26.0,0.0,0.0
56.0,-25.0,0.0,0.0
56.0,-24.0,0.0,0.0
56.0,-23.0,0.0,0.0
56.0,-22.0,0.0,0.0
56.0,-21.0,0.0,0.0
56.0,-20.0,0.0,0.0
56.0,-19.0,0.0,0.0
56.0,-18.0,0.0,0.0
56.0,-17.0,0.0,0.0
56.0,-16.0,0.0,0.0
56.0,-15.0,0.0,0.0
56.0,-14.0,0.0,0.0
56.0,-13.0,0.0,0.0
56.0,-12.0,0.0,0.0
56.0,-11.0,0.0,0.0
56.0,-10.0,0.0,0.0
56.0,-9.0,0.0,0.0
56.0,-8.0,0.0,0.0
56.0,-7.0,0.0,0.0
56.0,-6.0,0.0,0.0
56.0,-5.0,0.0,0.0
56.0,-4.0,0.0,0.0
56.0,-3.0,0.0,0.0
56.0,-2.0,0.0,0.0
56.0,-1.0,0.0,0.0
56.0,0.0,0.0,0.0
