7.953072342209603e-29,0.0,0.0,0.14477749656908595,0.0,0.0
8.060094473363713e-26,0.00010000000000000002,0.00010000000000000002,0.14444340395011007,9.012688106899699e-5,9.012688106899699e-5
1.2702456819590117e-24,0.00020606491664537896,0.00020606491664537896,0.1441056439390358,0.00018411352787809789,0.00018411352787809789
9.498913724293559e-24,0.00031263944863106326,0.00031263944863106326,0.14377608545865353,0.0002776193739988905,0.0002776193739988905
4.872799964224172e-23,0.00041959272210641556,0.00041959272210641556,0.14345267086622573,0.000370776237489137,0.000370776237489137
1.9711044097207601e-22,0.0005268511468390357,0.0005268511468390357,0.14313424778021203,0.0004636584674250841,0.0004636584674250841
6.746967169386373e-22,0.0006343660084431179,0.0006343660084431179,0.1428200567310135,0.0005563153102463028,0.0005563153102463028
2.0371466390831238e-21,0.0007421023457564815,0.0007421023457564815,0.14250955135052804,0.0006487825596407477,0.0006487825596407477
5.5735355650357804e-21,0.0008500332487067561,0.0008500332487067561,0.14220231527150223,0.0007410873834173731,0.0007410873834173731
1.4076731810599058e-20,0.0009581373411597907,0.0009581373411597907,0.14189801965270488,0.0008332513528365079,0.0008332513528365079
3.3264537947906877e-20,0.0010663972639424642,0.0010663972639424642,0.14159639665003879,0.0009252921907057035,0.0009252921907057035
7.429572113364853e-20,0.00117479844569901,0.00117479844569901,0.14129722286898888,0.0010172246458606028,0.0010172246458606028
1.580698699411206e-19,0.0012833286596702818,0.0012833286596702818,0.14100030906778757,0.0011090613982137206,0.0011090613982137206
3.223527080856875e-19,0.0013919772811707156,0.0013919772811707156,0.14070549201003774,0.001200813318311416,0.001200813318311416
6.332670711915751e-19,0.0015007350413368847,0.0015007350413368847,0.14041262976849325,0.0012924899004266633,0.0012924899004266633
1.2033818740512964e-18,0.0016095937722576117,0.0016095937722576117,0.14012159746886116,0.0013840995206644568,0.0013840995206644568
2.2195764617934777e-18,0.0017185462136794648,0.0017185462136794648,0.13983228427282893,0.0014756496326244783,0.0014756496326244783
3.9851299406180945e-18,0.0018275858635986451,0.0018275858635986451,0.13954459104899436,0.0015671469187473993,0.0015671469187473993
6.982174547991679e-18,0.0019367068607582239,0.0019367068607582239,0.13925842854338846,0.0016585974094234712,0.0016585974094234712
1.1962868399405623e-17,0.002045903890832261,0.002045903890832261,0.1389737159205324,0.001750006578153039,0.001750006578153039
2.0080517520395127e-17,0.0021551721105208753,0.0021551721105208753,0.13869037958440264,0.001841379418587937,0.001841379418587937
3.307556652502465e-17,0.0022645070854096622,0.0022645070854096622,0.13840835221429695,0.0019327205076405838,0.0019327205076405838
5.353606663934574e-17,0.0023739047385600543,0.0023739047385600543,0.13812757196808412,0.002024034057725159,0.002024034057725159
8.525813594992155e-17,0.002483361307574059,0.002483361307574059,0.1378479818175168,0.0021153239604116,0.0021153239604116
1.337393024417458e-16,0.0025928733084292976,0.0025928733084292976,0.13756952898895633,0.0022065938232155883,0.0022065938232155883
2.0684675786574717e-16,0.002702437504779937,0.002702437504779937,0.13729216448912349,0.0022978470008441845,0.0022978470008441845
3.157137857633509e-16,0.0028120508817126833,0.0028120508817126833,0.13701584270009076,0.0023890866219202335,0.0023890866219202335
4.759313440698415e-16,0.00292171062316571,0.00292171062316571,0.13674052103115472,0.0024803156119876575,0.0024803156119876575
7.091184179533402e-16,0.0030314140923833758,0.0030314140923833758,0.1364661596178098,0.0025715367134329847,0.0025715367134329847
1.0449748050434067e-15,0.003141158814905531,0.003141158814905531,0.13619272106001418,0.0026627525028310776,0.0026627525028310776
1.5239463439039708e-15,0.003250943030225529,0.003250943030225529,0.13592017011521182,0.0027539658715054495,0.0027539658715054495
2.2006496087490374e-15,0.003360763924977475,0.003360763924977475,0.13564847241756564,0.0028451786029278807,0.0028451786029278807
3.1482602757646e-15,0.003470619435965882,0.003470619435965882,0.1353775981518162,0.002936392860484728,0.002936392860484728
4.4640859755538256e-15,0.003580507611525758,0.003580507611525758,0.1351075177290606,0.003027610697084209,0.003027610697084209
6.2766017560318876e-15,0.0036904266026170783,0.0036904266026170783,0.1348382031246427,0.003118834059183258,0.003118834059183258
8.754280975936737e-15,0.003800374654836117,0.003800374654836117,0.13456962775324902,0.003210064795217615,0.003210064795217615
1.2116616085117011e-14,0.003910350101245172,0.003910350101245172,0.13430176635714172,0.0033013046631466996,0.0033013046631466996
1.6647797598147524e-14,0.004020351355917805,0.004020351355917805,0.13403459490582184,0.003392555337228795,0.003392555337228795
2.2713604078782103e-14,0.004130376908111923,0.004130376908111923,0.13376809050567787,0.0034838184141241665,0.0034838184141241665
3.078215289377037e-14,0.004240425316995611,0.004240425316995611,0.1335022313183921,0.0035750954184089905,0.0035750954184089905
4.144927226230164e-14,0.0043504952068611725,0.0043504952068611725,0.13323699648705453,0.00366638780757083,0.00366638780757083
5.546938122040205e-14,0.004460585262771714,0.004460585262771714,0.1329723660690841,0.003757696976546271,0.003757696976546271
7.379290714015667e-14,0.004570694226592058,0.004570694226592058,0.13270832097518098,0.003849024261852909,0.003849024261852909
9.761143209843071e-14,0.004680820893362132,0.004680820893362132,0.13244484291363903,0.003940370945360795,0.003940370945360795
1.2841194149061835e-13,0.004790964107976324,0.004790964107976324,0.13218191433943538,0.0040317382577424715,0.0040317382577424715
1.6804175274848627e-13,0.0049011227621369126,0.0049011227621369126,0.13191951840758992,0.004123127381635679,0.004123127381635679
2.1878593086790513e-13,0.005011295791553609,0.005011295791553609,0.13165763893035082,0.004214539454548523,0.004214539454548523
2.834592528048889e-13,0.005121482173364603,0.005121482173364603,0.13139626033781707,0.004305975571533181,0.004305975571533181
3.655150668793936e-13,0.005231680923757434,0.005231680923757434,0.13113536764165615,0.004397436787651131,0.004397436787651131
4.691737084547225e-13,0.00534189109577051,0.00534189109577051,0.130874946401615,0.004488924120250116,0.004488924120250116
5.995734817475308e-13,0.005452111777258283,0.005452111777258283,0.13061498269455757,0.0045804385510707715,0.0045804385510707715
7.629476021681026e-13,0.005562342089004976,0.005562342089004976,0.1303554630857924,0.004671981028198768,0.004671981028198768
9.668309166731241e-13,0.005672581182973423,0.005672581182973423,0.13009637460248002,0.004763552467876605,0.004763552467876605
1.220300683888774e-12,0.005782828240677011,0.005782828240677011,0.12983770470893272,0.0048551537561876065,0.0048551537561876065
1.534256203952776e-12,0.005893082471663982,0.005893082471663982,0.12957944128363957,0.0049467857506233694,0.0049467857506233694
1.921742642911117e-12,0.006003343112104486,0.006003343112104486,0.12932157259786678,0.005038449281544727,0.005038449281544727
2.3983250009180076e-12,0.006113609423471717,0.006113609423471717,0.12906408729569938,0.005130145153545227,0.005130145153545227
2.9825188302952107e-12,0.006223880691309364,0.006223880691309364,0.128806974375403,0.005221874146725263,0.005221874146725263
3.696285021604711e-12,0.006334156224078359,0.006334156224078359,0.12855022317199793,0.005313637017884153,0.005313637017884153
4.5655967461881615e-12,0.0064444353520765685,0.0064444353520765685,0.12829382334094636,0.005405434501636763,0.005405434501636763
5.621087475040773e-12,0.0065547174264257175,0.0065547174264257175,0.12803776484286514,0.00549726731146064,0.00549726731146064
6.8987898893184514e-12,0.006665001818120321,0.006665001818120321,0.1277820379291831,0.005589136140679062,0.005589136140679062
8.44097646009984e-12,0.0067752879171339144,0.0067752879171339144,0.1275266331286706,0.0056810416633848925,0.0056810416633848925
1.02971135070748e-11,0.006885575131578293,0.006885575131578293,0.12727154123477497,0.005772984535309718,0.005772984535309718
1.2524941650383016e-11,0.0069958628869118316,0.0069958628869118316,0.1270167532937018,0.005864965394642295,0.005864965394642295
1.519169674958467e-11,0.007106150625193344,0.007106150625193344,0.12676226059318704,0.005956984862800031,0.005956984862800031
1.8375486681319552e-11,0.007216437804378191,0.007216437804378191,0.1265080546519104,0.006049043545156856,0.006049043545156856
2.2166840645105197e-11,0.007326723897653694,0.007326723897653694,0.12625412720950344,0.006141142031730581,0.006141142031730581
2.667044910731269e-11,0.0074370083928110885,0.0074370083928110885,0.12600047021711153,0.006233280897832572,0.006233280897832572
3.2007113998870507e-11,0.007547290791651535,0.007547290791651535,0.12574707582847053,0.006325460704682316,0.006325460704682316
3.831593037474945e-11,0.007657570609423879,0.007657570609423879,0.12549393639146342,0.00641768199998928,0.00641768199998928
4.5756722424653795e-11,0.007767847374292048,0.007767847374292048,0.12524104444012435,0.006509945318504233,0.006509945318504233
5.451275849627017e-11,0.007878120626830137,0.007878120626830137,0.12498839268706037,0.0066022511825420535,0.0066022511825420535
6.479377165635878e-11,0.00798838991954339,0.00798838991954339,0.12473597401626373,0.006694600102477866,0.006694600102477866
7.683931427213844e-11,0.008098654816413416,0.008098654816413416,0.12448378147628891,0.006786992577218241,0.006786992577218241
9.092247714676427e-11,0.008208914892466121,0.008208914892466121,0.1242318082737718,0.006879429094649,0.006879429094649
1.0735400588892247e-10,0.008319169733360925,0.008319169733360925,0.1239800477672687,0.006971910132061136,0.006971910132061136
1.2648684943803846e-10,0.008429418934999978,0.008429418934999978,0.12372849346139582,0.007064436156556154,0.007064436156556154
1.4872117800340072e-10,0.008539662103156128,0.008539662103156128,0.12347713900125053,0.0071570076254321175,0.0071570076254321175
1.7450991010737292e-10,0.008649898853118553,0.008649898853118553,0.12322597816709722,0.007249624986551552,0.007249624986551552
2.0436479094920153e-10,0.008760128809354987,0.008760128809354987,0.12297500486930202,0.007342288678692275,0.007342288678692275
2.388630669257594e-10,0.00887035160518957,0.00887035160518957,0.12272421314350153,0.007434999131882179,0.007434999131882179
2.7865480385753114e-10,0.008980566882495431,0.008980566882495431,0.12247359714599183,0.007527756767718864,0.007527756767718864
3.244708992705509e-10,0.009090774291401147,0.009090774291401147,0.12222315114932521,0.007620561999675027,0.007620561999675027
3.771318419756335e-10,0.009200973490010311,0.009200973490010311,0.12197286953810227,0.007713415233390388,0.007713415233390388
4.375572751626277e-10,0.00931116414413347,0.00931116414413347,0.12172274680494893,0.00780631686695092,0.00780631686695092
5.06776422286469e-10,0.009421345927031727,0.009421345927031727,0.1214727775466675,0.007899267291156078,0.007899267291156078
5.859394381602317e-10,0.009531518519171429,0.009531518519171429,0.12122295646055234,0.007992266889774705,0.007992266889774705
6.763297508841601e-10,0.009641681607989266,0.009641681607989266,0.1209732783408612,0.008085316039790182,0.008085316039790182
7.793774635246351e-10,0.009751834887667296,0.009751834887667296,0.12072373807543364,0.008178415111635468,0.008178415111635468
8.966738878082843e-10,0.009861978058917318,0.009861978058917318,0.12047433064244864,0.008271564469418501,0.008271564469418501
1.0299872855088938e-9,0.009972110828774142,0.009972110828774142,0.12022505110731416,0.008364764471138502,0.008364764471138502
1.181279896672603e-9,0.010082232910397277,0.010082232910397277,0.1199758946196815,0.008458015468893644,0.008458015468893644
1.3527263373440208e-9,0.010192344022880589,0.010192344022880589,0.11972685641057824,0.008551317809080524,0.008551317809080524
1.546733453015757e-9,0.010302443891069579,0.010302443891069579,0.11947793178965328,0.008644671832585871,0.008644671832585871
1.765961717619316e-9,0.010412532245385839,0.010412532245385839,0.11922911614252864,0.008738077874970862,0.008738077874970862
2.0133482714989818e-9,0.010522608821658364,0.010522608821658364,0.1189804049282523,0.008831536266648421,0.008831536266648421
2.29213169545406e-9,0.010632673360961362,0.010632673360961362,0.11873179367684736,0.008925047333053852,0.008925047333053852
2.6058786215907094e-9,0.01074272560945827,0.01074272560945827,0.1184832779869523,0.009018611394809124,0.009018611394809124
2.9585122853831597e-9,0.010852765318251656,0.010852765318251656,0.11823485352354833,0.009112228767881122,0.009112228767881122
3.3543431269969228e-9,0.010962792243238718,0.010962792243238718,0.11798651601576925,0.009205899763734137,0.009205899763734137
3.7981015535635284e-9,0.01107280614497214,0.01107280614497214,0.11773826125478998,0.009299624689476899,0.009299624689476899
4.2949729777077044e-9,0.011182806788526031,0.011182806788526031,0.11749008509179001,0.009393403848004366,0.009393403848004366
4.85063525120348e-9,0.01129279394336672,0.01129279394336672,0.1172419834359881,0.00948723753813455,0.00948723753813455
5.471298616164732e-9,0.01140276738322817,0.01140276738322817,0.11699395225274499,0.009581126054740595,0.009581126054740595
6.163748299647327e-9,0.011512726885991812,0.011512726885991812,0.11674598756173095,0.009675069688878313,0.009675069688878313
6.9353898809433146e-9,0.011622672233570582,0.011622672233570582,0.11649808543515501,0.009769068727909402,0.009769068727909402
7.794297564170613e-9,0.011732603211796994,0.011732603211796994,0.11625024199605337,0.009863123455620522,0.009863123455620522
8.749265491993515e-9,0.01184251961031503,0.01184251961031503,0.1160024534166338,0.009957234152338429,0.009957234152338429
9.809862239437413e-9,0.011952421222475714,0.011952421222475714,0.11575471591667401,0.010051401095041327,0.010051401095041327
1.0986488629774138e-8,0.01206230784523617,0.01206230784523617,0.11550702576197129,0.010145624557466608,0.010145624557466608
1.2290439017339933e-8,0.012172179279062051,0.012172179279062051,0.11525937926284109,0.010239904810215136,0.010239904810215136
1.3733966184893844e-8,0.012282035327833134,0.012282035327833134,0.11501177277266261,0.01033424212085222,0.01033424212085222
1.5330350005719098e-8,0.012391875798752,0.012391875798752,0.11476420268646918,0.01042863675400542,0.01042863675400542
1.7093970023099996e-8,0.012501700502255624,0.012501700502255624,0.11451666543958142,0.010523088971459326,0.010523088971459326
1.9040382102061594e-8,0.012611509251929756,0.012611509251929756,0.11426915750628154,0.01061759903224741,0.01061759903224741
2.11863993103262e-8,0.012721301864425992,0.012721301864425992,0.11402167539852684,0.010712167192741108,0.010712167192741108
2.3550177187306926e-8,0.012831078159381375,0.012831078159381375,0.11377421566470078,0.010806793706736217,0.010806793706736217
2.615130356161404e-8,0.012940837959340468,0.012940837959340468,0.11352677488840003,0.010901478825536732,0.010901478825536732
2.901089307898188e-8,0.013050581089679741,0.013050581089679741,0.1132793496872561,0.010996222798036215,0.010996222798036215
3.215168660372181e-8,0.013160307378534214,0.013160307378534214,0.11303193671178985,0.011091025870796812,0.011091025870796812
3.559815565776042e-8,0.013270016656726223,0.013270016656726223,0.11278453264429776,0.011185888288125993,0.011185888288125993
3.937661206201767e-8,0.013379708757696241,0.013379708757696241,0.11253713419776852,0.011280810292151108,0.011280810292151108
4.351532294531424e-8,0.013489383517435647,0.013489383517435647,0.11228973811482872,0.011375792122891856,0.011375792122891856
4.8044631286151456e-8,0.013599040774421374,0.013599040774421374,0.11204234116671644,0.011470834018330755,0.011470834018330755
5.299708215258083e-8,0.01370868036955233,0.01370868036955233,0.11179494015228168,0.011565936214481641,0.011565936214481641
5.840755480496004e-8,0.013818302146087537,0.013818302146087537,0.11154753189701239,0.011661098945456356,0.011661098945456356
6.431340082567056e-8,0.013927905949585886,0.013927905949585886,0.1113001132520852,0.011756322443529595,0.011756322443529595
7.075458843884527e-8,0.014037491627847468,0.014037491627847468,0.1110526810934399,0.011851606939202076,0.011851606939202076
7.77738531818092e-8,0.01414705903085637,0.01414705903085637,0.1108052323208764,0.011946952661262035,0.011946952661262035
8.541685508827606e-8,0.014256608010724897,0.014256608010724897,0.1105577638571739,0.01204235983684513,0.01204235983684513
9.373234254135558e-8,0.014366138421639148,0.014366138421639148,0.1103102726472306,0.012137828691492816,0.012137828691492816
1.0277232295210761e-7,0.014475650119805865,0.014475650119805865,0.11006275565722386,0.012233359449209244,0.012233359449209244
1.1259224041673495e-7,0.014585142963400513,0.014585142963400513,0.10981520987378948,0.012328952332516737,0.012328952332516737
1.2325116050252058e-7,0.014694616812516532,0.014694616812516532,0.10956763230321973,0.012424607562509913,0.012424607562509913
1.3481196230929943e-7,0.014804071529115679,0.014804071529115679,0.10932001997067906,0.012520325358908476,0.012520325358908476
1.473415379495971e-7,0.014913506976979424,0.014913506976979424,0.10907236991943707,0.012616105940108754,0.012616105940108754
1.609109995865855e-7,0.015022923021661357,0.015022923021661357,0.10882467921011801,0.012711949523234005,0.012711949523234005
1.7559589416467752e-7,0.015132319530440504,0.015132319530440504,0.10857694491996593,0.01280785632418358,0.01280785632418358
1.9147642596293336e-7,0.015241696372275569,0.015241696372275569,0.10832916414212523,0.01290382655768092,0.01290382655768092
2.0863768709647347e-7,0.015351053417759991,0.015351053417759991,0.10808133398493572,0.012999860437320498,0.012999860437320498
2.2716989608579396e-7,0.015460390539077808,0.015460390539077808,0.10783345157124184,0.0130959581756137,0.0130959581756137
2.4716864460826597e-7,0.01556970760996024,0.01556970760996024,0.10758551403771528,0.013192119984033718,0.013192119984033718
2.6873515254018224e-7,0.015679004505643013,0.015679004505643013,0.10733751853419063,0.01328834607305946,0.01328834607305946
2.9197653139149737e-7,0.01578828110282429,0.01578828110282429,0.10708946222301347,0.013384636652218555,0.013384636652218555
3.1700605622889413e-7,0.015897537279623234,0.015897537279623234,0.10684134227840046,0.013480991930129449,0.013480991930129449
3.439434461760386e-7,0.01600677291553914,0.01600677291553914,0.10659315588581093,0.013577412114542654,0.013577412114542654
3.729151535728257e-7,0.01611598789141108,0.01611598789141108,0.10634490024132946,0.013673897412381189,0.013673897412381189
4.0405466186812623e-7,0.016225182089378034,0.016225182089378034,0.10609657255105909,0.013770448029780216,0.013770448029780216
4.375027923130088e-7,0.016334355392839468,0.016334355392839468,0.10584817003052467,0.013867064172125937,0.013867064172125937
4.734080195136514e-7,0.01644350768641631,0.01644350768641631,0.10559968990408607,0.013963746044093773,0.013963746044093773
5.119267958952014e-7,0.016552638855912297,0.016552638855912297,0.10535112940436053,0.014060493849685841,0.014060493849685841
5.532238851196984e-7,0.016661748788275657,0.016661748788275657,0.1051024857716542,0.014157307792267792,0.014157307792267792
5.974727044928583e-7,0.016770837371561063,0.016770837371561063,0.10485375625340204,0.01425418807460501,0.01425418807460501
6.448556763860555e-7,0.016879904494891868,0.016879904494891868,0.10460493810361622,0.01435113489889822,0.01435113489889822
6.955645886912829e-7,0.016988950048422546,0.016988950048422546,0.10435602858234203,0.014448148466818524,0.014448148466818524
7.498009643181401e-7,0.017097973923301323,0.017097973923301323,0.1041070249551215,0.014545228979541913,0.014545228979541913
8.077764397331752e-7,0.017206976011632975,0.017206976011632975,0.10385792449246427,0.01464237663778325,0.01464237663778325
8.697131525330624e-7,0.017315956206441722,0.017315956206441722,0.1036087244693251,0.014739591641829778,0.014739591641829778
9.358441380342605e-7,0.017424914401634246,0.017424914401634246,0.10335942216458803,0.014836874191574182,0.014836874191574182
1.006413734852925e-6,0.01753385049196274,0.01753385049196274,0.10311001486055663,0.014934224486547219,0.014934224486547219
1.0816779994400115e-6,0.017642764372987996,0.017642764372987996,0.10286049984245028,0.01503164272594995,0.01503164272594995
1.1619051295277366e-6,0.01775165594104248,0.01775165594104248,0.10261087439790599,0.015129129108685592,0.015129129108685592
1.2473758964348347e-6,0.01786052509319342,0.01786052509319342,0.10236113581648541,0.01522668383339103,0.01522668383339103
1.3383840861694276e-6,0.01796937172720576,0.01796937172720576,0.10211128138918703,0.015324307098468019,0.015324307098468019
1.435236949259869e-6,0.018078195741505088,0.018078195741505088,0.10186130840796292,0.015421999102114071,0.015421999102114071
1.5382556592355647e-6,0.018186997035140436,0.018186997035140436,0.10161121416524006,0.015519760042353089,0.015519760042353089
1.6477757796717107e-6,0.01829577550774691,0.01829577550774691,0.1013609959534457,0.015617590117065757,0.015617590117065757
1.7641477397038535e-6,0.018404531059508206,0.018404531059508206,0.10111065106453672,0.015715489524019712,0.015715489524019712
1.8877373179106442e-6,0.018513263591118875,0.018513263591118875,0.10086017678953249,0.015813458460899522,0.015813458460899522
2.0189261344556334e-6,0.018621973003746406,0.018621973003746406,0.10060957041805121,0.015911497125336498,0.015911497125336498
2.1581121513719947e-6,0.01873065919899308,0.01873065919899308,0.10035882923784922,0.016009605714938382,0.016009605714938382
2.3057101808671215e-6,0.018839322078857506,0.018839322078857506,0.10010795053436326,0.016107784427318892,0.016107784427318892
2.4621524015178585e-6,0.018947961545695936,0.018947961545695936,0.09985693159025512,0.016206033460127185,0.016206033460127185
2.627888882220927e-6,0.01905657750218322,0.01905657750218322,0.09960576968495881,0.01630435301107728,0.01630435301107728
2.803388113757611e-6,0.019165169851273454,0.019165169851273454,0.09935446209422961,0.016402743277977402,0.016402743277977402
2.9891375478265414e-6,0.019273738496160257,0.019273738496160257,0.09910300608969504,0.016501204458759338,0.016501204458759338
3.185644143393852e-6,0.019382283340236714,0.019382283340236714,0.09885139893840725,0.01659973675150778,0.01659973675150778
3.393434920205573e-6,0.01949080428705487,0.01949080428705487,0.09859963790239686,0.016698340354489725,0.016698340354489725
3.613057519303673e-6,0.019599301240284864,0.019599301240284864,0.09834772023822767,0.016797015466183916,0.016797015466183916
3.845080770383873e-6,0.019707774103673595,0.019707774103673595,0.09809564319655231,0.01689576228531037,0.01689576228531037
4.090095265830803e-6,0.01981622278100295,0.01981622278100295,0.09784340402166833,0.016994581010860012,0.016994581010860012
4.348713941264228e-6,0.0199246471760476,0.0199246471760476,0.09759099995107452,0.01709347184212445,0.01709347184212445
4.621572662428336e-6,0.02003304719253223,0.02003304719253223,0.09733842821502744,0.017192434978725888,0.017192434978725888
4.9093308182558475e-6,0.02014142273408837,0.02014142273408837,0.0970856860360975,0.01729147062064725,0.01729147062064725
5.212671919938016e-6,0.020249773704210616,0.020249773704210616,0.09683277062872474,0.017390578968262464,0.017390578968262464
5.5323042058326565e-6,0.020358100006212396,0.020358100006212396,0.09657967919877372,0.01748976022236703,0.01748976022236703
5.868961252043155e-6,0.020466401543181134,0.020466401543181134,0.09632640894308751,0.01758901458420881,0.01758901458420881
6.2234025885035595e-6,0.020574678217932872,0.020574678217932872,0.09607295704904038,0.017688342255519077,0.017688342255519077
6.596414320407495e-6,0.02068292993296633,0.02068292993296633,0.09581932069408892,0.017787743438543935,0.017787743438543935
6.98880975482168e-6,0.020791156590416335,0.020791156590416335,0.09556549704532145,0.017887218336075997,0.017887218336075997
7.401430032329388e-6,0.0208993580920067,0.0208993580920067,0.0953114832590053,0.017986767151486456,0.017986767151486456
7.83514476355346e-6,0.02100753433900245,0.02100753433900245,0.09505727648013179,0.018086390088757516,0.018086390088757516
8.290852670414324e-6,0.021115685232161414,0.021115685232161414,0.0948028738419586,0.018186087352515243,0.018186087352515243
8.769482231984798e-6,0.0212238106716852,0.0212238106716852,0.09454827246554923,0.018285859148062814,0.018285859148062814
9.271992334810328e-6,0.02133191055716951,0.02133191055716951,0.09429346945930935,0.01838570568141426,0.01838570568141426
9.799372927571042e-6,0.02143998478755377,0.02143998478755377,0.09403846191851967,0.018485627159328638,0.018485627159328638
1.035264567997093e-5,0.0215480332610701,0.0215480332610701,0.09378324692486503,0.018585623789344728,0.018585623789344728
1.0932864645748449e-5,0.021656055875191593,0.021656055875191593,0.09352782154595958,0.018685695779816276,0.018685695779816276
1.1541116929712834e-5,0.021764052526579897,0.021764052526579897,0.09327218283486745,0.018785843339947747,0.018785843339947747
1.2178523358721779e-5,0.021872023111032063,0.021872023111032063,0.09301632782961901,0.018886066679830674,0.018886066679830674
1.284623915652696e-5,0.021979967523426704,0.021979967523426704,0.092760253552722,0.01898636601048062,0.01898636601048062
1.354545462242711e-5,0.02208788565766941,0.02208788565766941,0.0925039570106675,0.01908674154387475,0.01908674154387475
1.4277395813680394e-5,0.022195777406637383,0.022195777406637383,0.09224743519343041,0.019187193492990053,0.019187193492990053
1.5043325231642817e-5,0.022303642662123382,0.022303642662123382,0.09199068507396385,0.019287722071842258,0.019287722071842258
1.5844542511613086e-5,0.022411481314778853,0.022411481314778853,0.09173370360768748,0.019388327495525444,0.019388327495525444
1.668238511637973e-5,0.022519293254056286,0.022519293254056286,0.09147648773196933,0.019489009980252364,0.019489009980252364
1.755822903348315e-5,0.022627078368150814,0.022627078368150814,0.09121903436560044,0.019589769743395564,0.019589769743395564
1.8473489476220726e-5,0.02273483654394097,0.02273483654394097,0.09096134040826269,0.019690607003529235,0.019690607003529235
1.9429621588441495e-5,0.022842567666928666,0.022842567666928666,0.09070340273998859,0.01979152198047192,0.01979152198047192
2.0428121153194846e-5,0.022950271621178346,0.022950271621178346,0.09044521822061338,0.019892514895330008,0.019892514895330008
2.1470525305315955e-5,0.023057948289255267,0.023057948289255267,0.09018678368921873,0.019993585970542144,0.019993585970542144
2.2558413248051033e-5,0.02316559755216297,0.02316559755216297,0.08992809596356766,0.02009473542992447,0.02009473542992447
2.3693406973845207e-5,0.023273219289279883,0.023273219289279883,0.08966915183953034,0.02019596349871684,0.02019596349871684
2.4877171989436218e-5,0.023380813378295024,0.023380813378295024,0.0894099480905005,0.020297270403629934,0.020297270403629934
2.6111418045419622e-5,0.023488379695142857,0.023488379695142857,0.0891504814668018,0.02039865637289338,0.02039865637289338
2.7397899870472275e-5,0.02359591811393718,0.02359591811393718,0.0888907486950839,0.02050012163630485,0.02050012163630485
2.8738417910444675e-5,0.023703428506904163,0.023703428506904163,0.08863074647770776,0.020601666425280215,0.020601666425280215
3.0134819072554904e-5,0.023810910744314406,0.023810910744314406,0.08837047149211971,0.02070329097290475,0.02070329097290475
3.158899747494213e-5,0.02391836469441404,0.02391836469441404,0.08810992039021391,0.020804995513985423,0.020804995513985423
3.310289520186138e-5,0.02402579022335489,0.02402579022335489,0.08784908979768268,0.020906780285104332,0.020906780285104332
3.4678503064827394e-5,0.024133187195123605,0.024133187195123605,0.08758797631335412,0.02100864552467326,0.02100864552467326
3.6317861370040234e-5,0.02424055547146982,0.02424055547146982,0.08732657650851681,0.021110591472989465,0.021110591472989465
3.8023060692452825e-5,0.024347894911833246,0.024347894911833246,0.0870648869262308,0.021212618372292654,0.021212618372292654
3.979624265686707e-5,0.024455205373269753,0.024455205373269753,0.08680290408062447,0.021314726466823235,0.021314726466823235
4.163960072647321e-5,0.024562486710376315,0.024562486710376315,0.08654062445617687,0.02141691600288184,0.02141691600288184
4.355538099927519e-5,0.02466973877521492,0.02466973877521492,0.08627804450698479,0.021519187228890194,0.021519187228890194
4.554588301287457e-5,0.0247769614172353,0.0247769614172353,0.08601516065601401,0.021621540395453324,0.021621540395453324
4.761346055811412e-5,0.02488415448319654,0.02488415448319654,0.0857519692943344,0.021723975755423196,0.021723975755423196
4.976052250211317e-5,0.024991317817087497,0.024991317817087497,0.08548846678033782,0.02182649356396376,0.02182649356396376
5.198953362125798e-5,0.025098451260045986,0.025098451260045986,0.08522464943893875,0.02192909407861751,0.02192909407861751
5.430301544474124e-5,0.025205554650276747,0.025205554650276747,0.08496051356075651,0.02203177755937351,0.02203177755937351
5.67035471092787e-5,0.025312627822968118,0.025312627822968118,0.08469605540127878,0.02213454426873706,0.02213454426873706
5.919376622566205e-5,0.02541967061020741,0.02541967061020741,0.08443127118000544,0.02223739447180087,0.02223739447180087
6.177636975784296e-5,0.025526682840894904,0.025526682840894904,0.08416615707957235,0.02234032843631798,0.02234032843631798
6.445411491527705e-5,0.02563366434065648,0.02563366434065648,0.08390070924485404,0.022443346432776335,0.022443346432776335
6.722982005929181e-5,0.025740614931754804,0.025740614931754804,0.08363492378204476,0.022546448734475075,0.022546448734475075
7.010636562427956e-5,0.025847534432999055,0.025847534432999055,0.08336879675771704,0.022649635617602686,0.022649635617602686
7.308669505455365e-5,0.025954422659653083,0.025954422659653083,0.08310232419785696,0.022752907361316955,0.022752907361316955
7.61738157577446e-5,0.026061279423342083,0.026061279423342083,0.08283550208687529,0.022856264247826837,0.022856264247826837
7.937080007565093e-5,0.026168104531957538,0.026168104531957538,0.08256832636659374,0.02295970656247629,0.02295970656247629
8.268078627350224e-5,0.026274897789560596,0.026274897789560596,0.08230079293520522,0.02306323459383011,0.02306323459383011
8.610697954863123e-5,0.026381658996283634,0.026381658996283634,0.08203289764620739,0.02316684863376185,0.02316684863376185
8.965265305959576e-5,0.026488387948230094,0.026488387948230094,0.0817646363073085,0.023270548977543878,0.023270548977543878
9.332114897683457e-5,0.02659508443737242,0.02659508443737242,0.08149600467930439,0.023374335923939654,0.023374335923939654
9.711587955598698e-5,0.026701748251448117,0.026701748251448117,0.08122699847492584,0.023478209775298225,0.023478209775298225
0.00010104032823505328,0.026808379173853796,0.026808379173853796,0.08095761335765503,0.023582170837651125,0.023582170837651125
0.00010509805075662071,0.026914976983537207,0.026914976983537207,0.08068784494050994,0.023686219420811654,0.023686219420811654
0.00010929267631642841,0.027021541454887093,0.027021541454887093,0.08041768878479597,0.02379035583847666,0.02379035583847666
0.00011362790873960054,0.027128072357620877,0.027128072357620877,0.08014714039882287,0.023894580408330864,0.023894580408330864
0.00011810752768592481,0.027234569456670025,0.027234569456670025,0.07987619523658646,0.023998893452153898,0.023998893452153898
0.0001227353898856139,0.02734103251206307,0.02734103251206307,0.0796048486964133,0.024103295295930013,0.024103295295930013
0.00012751543040704177,0.02744746127880614,0.02744746127880614,0.07933309611956729,0.024207786269960653,0.024207786269960653
0.00013245166395800794,0.02755385550676094,0.02755385550676094,0.07906093278881667,0.024312366708979953,0.024312366708979953
0.00013754818622214524,0.027660214940520074,0.027660214940520074,0.07878835392695986,0.024417036952273253,0.024417036952273253
0.00014280917523215074,0.027766539319279596,0.027766539319279596,0.07851535469530897,0.024521797343798727,0.024521797343798727
0.00014823889278158482,0.027872828376708698,0.027872828376708698,0.07824193019212895,0.024626648232312254,0.024626648232312254
0.000153841685877061,0.027979081840816416,0.027979081840816416,0.07796807545103099,0.024731589971495625,0.024731589971495625
0.00015962198823271068,0.02808529943381521,0.02808529943381521,0.07769378543931847,0.02483662292008822,0.02483662292008822
0.0001655843218088957,0.02819148087198135,0.02819148087198135,0.07741905505628362,0.02494174744202224,0.02494174744202224
0.0001717332983972132,0.0282976258655119,0.0282976258655119,0.07714387913145279,0.02504696390656167,0.02504696390656167
0.0001780736212539249,0.028403734118378234,0.028403734118378234,0.07686825242277887,0.025152272688445096,0.025152272688445096
0.0001846100867840313,0.028509805328175927,0.028509805328175927,0.07659216961477829,0.025257674168032457,0.025257674168032457
0.00019134758627829842,0.0286158391859708,0.0286158391859708,0.07631562531661087,0.02536316873145597,0.02536316873145597
0.00019829110770564837,0.028721835376141085,0.028721835376141085,0.07603861406010008,0.02546875677077531,0.02546875677077531
0.0002054457375634212,0.028827793576215434,0.028827793576215434,0.07576113029769138,0.025574438684137245,0.025574438684137245
0.0002128166627881225,0.028933713456706672,0.028933713456706672,0.07548316840034638,0.025680214875939873,0.025680214875939873
0.00022040917272938448,0.029039594680941062,0.029039594680941062,0.07520472265537013,0.025786085757001625,0.025786085757001625
0.00022822866118998628,0.029145436904882943,0.029145436904882943,0.07492578726416885,0.025892051744735266,0.025892051744735266
0.00023628062853490021,0.0292512397769545,0.0292512397769545,0.0746463563399354,0.025998113263327037,0.025998113263327037
0.00024457068387246435,0.02935700293785049,0.02935700293785049,0.0743664239052597,0.02610427074392115,0.02610427074392115
0.00025310454731091825,0.02946272602034768,0.02946272602034768,0.07408598388966064,0.02621052462480988,0.02621052462480988
0.00026188805229368197,0.02956840864910881,0.02956840864910881,0.07380503012703674,0.026316875351629434,0.026316875351629434
0.0002709271480169141,0.02967405044048077,0.02967405044048077,0.07352355635303186,0.02642332337756186,0.02642332337756186
0.0002802279019330448,0.02977965100228683,0.02977965100228683,0.07324155620231271,0.026529869163543204,0.026529869163543204
0.00028979650234415,0.029885209933612593,0.029885209933612593,0.07295902320575423,0.026636513178478254,0.026636513178478254
0.00029963926108921506,0.029990726824585416,0.029990726824585416,0.07267595078752913,0.026743255899462002,0.026743255899462002
0.0003097626163295245,0.030096201256147027,0.030096201256147027,0.07239233226209744,0.02685009781200826,0.02685009781200826
0.0003201731354366196,0.03020163279981899,0.03020163279981899,0.07210816083109185,0.026957039410285613,0.026957039410285613
0.00033087751798747684,0.030307021017460765,0.030307021017460765,0.07182342958009431,0.027064081197361096,0.027064081197361096
0.0003418825988717858,0.03041236546101995,0.03041236546101995,0.07153813147529921,0.027171223685451863,0.027171223685451863
0.00035319535151645185,0.03051766567227443,0.03051766567227443,0.07125225936005813,0.02727846739618524,0.02727846739618524
0.00036482289123269176,0.030622921182565984,0.030622921182565984,0.07096580595130099,0.027385812860867522,0.027385812860867522
0.00037677247869137266,0.030728131512525035,0.030728131512525035,0.07067876383582816,0.027493260620761847,0.027493260620761847
0.0003890515235325228,0.030833296171786078,0.030833296171786078,0.07039112546646759,0.02760081122737563,0.02760081122737563
0.0004016675881152541,0.030938414658693385,0.030938414658693385,0.07010288315809095,0.02770846524275793,0.02770846524275793
0.00041462839141464955,0.03104348645999651,0.03104348645999651,0.06981402908348255,0.027816223239807175,0.027816223239807175
0.0004279418130725256,0.031148511050535135,0.031148511050535135,0.06952455526905392,0.0279240858025898,0.0279240858025898
0.0004416158976093353,0.03125348789291276,0.03125348789291276,0.06923445359039722,0.02803205352667022,0.02803205352667022
0.0004556588588048711,0.03135841643715865,0.03135841643715865,0.06894371576766979,0.028140127019452673,0.028140127019452673
0.00047007908425584057,0.03146329612037756,0.03146329612037756,0.06865233336080202,0.02824830690053555,0.02824830690053555
0.00048488514011883006,0.03156812636638658,0.03156812636638658,0.06836029776452003,0.028356593802078705,0.028356593802078705
0.00050008577604764,0.03167290658533852,0.03167290658533852,0.06806760020317433,0.028464988369184426,0.028464988369184426
0.0005156899303344799,0.031777636173331125,0.031777636173331125,0.06777423172536522,0.02857349126029271,0.02857349126029271
0.0005317067352650449,0.031882314512001485,0.031882314512001485,0.06748018319835482,0.028682103147591523,0.028682103147591523
0.0005481455226980672,0.03198694096810483,0.03198694096810483,0.06718544530225541,0.028790824717442765,0.028790824717442765
0.0005650158298805458,0.032091514893077044,0.032091514893077044,0.06689000852398287,0.02889965667082473,0.02889965667082473
0.0005823274055105149,0.03219603562257991,0.03219603562257991,0.06659386315096362,0.029008599723791897,0.029008599723791897
0.000600090216059903,0.03230050247602837,0.03230050247602837,0.06629699926458234,0.02911765460795288,0.02911765460795288
0.0006183144523707789,0.03240491475609879,0.03240491475609879,0.06599940673335761,0.029226822070967454,0.029226822070967454
0.0006370105365390943,0.03250927174821725,0.03250927174821725,0.06570107520583121,0.02933610287706369,0.02933610287706369
0.0006561891291008766,0.032613572720026886,0.032613572720026886,0.06540199410315625,0.02944549780757617,0.02944549780757617
0.0006758611365367371,0.032717816920833045,0.032717816920833045,0.06510215261136847,0.029555007661506424,0.029555007661506424
0.0006960377191115672,0.03282200358102529,0.03282200358102529,0.06480153967332367,0.02966463325610669,0.02966463325610669
0.0007167302990673242,0.032926131911474796,0.032926131911474796,0.06450014398028389,0.029774375427488325,0.029774375427488325
0.0007379505691879662,0.0330302011029059,0.0330302011029059,0.06419795396313288,0.02988423503125611,0.02988423503125611
0.0007597105017567979,0.033134210325240505,0.033134210325240505,0.06389495778320085,0.029994212943169892,0.029994212943169892
0.0007820223579278155,0.033238158726913686,0.033238158726913686,0.06359114332267708,0.030104310059835035,0.030104310059835035
0.0008048986975340271,0.033342045434158904,0.033342045434158904,0.06328649817458738,0.030214527299423283,0.030214527299423283
0.0008283523893572696,0.033445869550261305,0.033445869550261305,0.06298100963231199,0.03032486560242568,0.03032486560242568
0.0008523966218856704,0.033549630154777084,0.033549630154777084,0.06267466467861768,0.030435325932439448,0.030435325932439448
0.0008770449145866603,0.03365332630271712,0.03365332630271712,0.062367449974176425,0.03054590927699066,0.03054590927699066
0.000902311129725356,0.03375695702369276,0.03375695702369276,0.06205935184554075,0.030656616648394783,0.030656616648394783
0.0009282094847602032,0.033860521321021554,0.033860521321021554,0.061750356272543834,0.030767449084657384,0.030767449084657384
0.0009547545653499614,0.03396401817079062,0.03396401817079062,0.06144044887509058,0.03087840765041716,0.03087840765041716
0.000981961339008554,0.03406744652087504,0.03406744652087504,0.061129614899302916,0.03098949343793403,0.03098949343793403
0.0010098451694469034,0.03417080528990868,0.03417080528990868,0.06081783920298031,0.03110070756812481,0.03110070756812481
0.0010384218316436668,0.034274093366204475,0.034274093366204475,0.06050510624033385,0.031212051191649454,0.031212051191649454
0.0010677075276899067,0.03437730960662112,0.03437730960662112,0.06019140004594841,0.031323525490050956,0.031323525490050956
0.0010977189034559937,0.034480452835372793,0.034480452835372793,0.05987670421792518,0.031435131676952145,0.031435131676952145
0.0011284730661326955,0.034583521842778346,0.034583521842778346,0.0595610019001522,0.031546870999313116,0.031546870999313116
0.0011599876027023133,0.03468651538394617,0.03468651538394617,0.059244275763647304,0.031658744738752964,0.031658744738752964
0.0011922805993999984,0.034789432177390514,0.034789432177390514,0.058926507986913346,0.031770754212940046,0.031770754212940046
0.0012253706622300633,0.0348922709035749,0.0348922709035749,0.05860768023524071,0.03188290077705522,0.03188290077705522
0.0012592769386071394,0.03499503020337771,0.03499503020337771,0.05828777363888761,0.03199518582533282,0.03199518582533282
0.0012940191401976386,0.0350977086764749,0.0350977086764749,0.05796676877006237,0.03210761079268462,0.03210761079268462
0.0013296175670429635,0.03520030487963418,0.03520030487963418,0.05764464561862653,0.03222017715641225,0.03222017715641225
0.0013660931330525944,0.03530281732491456,0.03530281732491456,0.05732138356643062,0.03233288643801415,0.03233288643801415
0.0014034673929624443,0.03540524447776493,0.03540524447776493,0.056996961360187,0.03244574020509376,0.03244574020509376
0.001441762570861772,0.0355075847550143,0.0355075847550143,0.056671357082776784,0.03255874007337569,0.03255874007337569
0.0014810015904007587,0.035609836522746324,0.035609836522746324,0.056344548122878584,0.03267188770883786,0.03267188770883786
0.0015212081068004006,0.035711998094049575,0.035711998094049575,0.056016511142797404,0.03278518482996771,0.03278518482996771
0.0015624065407969531,0.035814067726634646,0.035814067726634646,0.055687222044361544,0.03289863321015165,0.03289863321015165
0.0016046221146648028,0.035916043620308195,0.035916043620308195,0.05535665593274355,0.03301223468020751,0.03301223468020751
0.0016478808904744518,0.036017923914293266,0.036017923914293266,0.05502478707804868,0.03312599113107066,0.03312599113107066
0.0016922098107565355,0.036119706684384204,0.036119706684384204,0.05469158887449965,0.03323990451664559,0.03323990451664559
0.0017376367417583688,0.03622138993992346,0.03622138993992346,0.05435703379703161,0.03335397685683545,0.03335397685683545
0.0017841905194969996,0.036322971620586376,0.036322971620586376,0.05402109335509288,0.03346821024076373,0.03346821024076373
0.0018319009988318812,0.036424449592958756,0.036424449592958756,0.05368373804342869,0.03358260683020297,0.03358260683020297
0.001880799105801723,0.03652582164689057,0.03652582164689057,0.05334493728960332,0.03369716886322738,0.03369716886322738
0.0019309168934938592,0.03662708549160758,0.03662708549160758,0.053004659397992024,0.0338118986581075,0.0338118986581075
0.0019822876017409094,0.03672823875156076,0.03672823875156076,0.05266287148994823,0.03392679861746702,0.03392679861746702
0.0020349457209690946,0.036829278961991584,0.036829278961991584,0.052319539439821615,0.03404187123272368,0.03404187123272368
0.002088927060555597,0.03693020356418879,0.03693020356418879,0.05197462780646948,0.03415711908883864,0.03415711908883864
0.002144268822089267,0.03703100990041,0.03703100990041,0.051628099759867346,0.03427254486940098,0.03427254486940098
0.002201009677970498,0.03713169520843851,0.03713169520843851,0.05127991700238269,0.03438815136207702,0.03438815136207702
0.00225918985583253,0.03723225661574263,0.03723225661574263,0.05093003968422992,0.03450394146445691,0.03450394146445691
0.0023188512293189976,0.03733269113320137,0.03733269113320137,0.0505784263125712,0.034619918190335,0.034619918190335
0.0023800374158113734,0.037432995648356185,0.037432995648356185,0.05022503365367019,0.03473608467646394,0.03473608467646394
0.0024427938817669333,0.03753316691814422,0.03753316691814422,0.049869816627437356,0.0348524441898274,0.0348524441898274
0.0025071680564031688,0.03763320156106314,0.03763320156106314,0.04951272819363143,0.034969000135480974,0.034969000135480974
0.002573209454550372,0.03773309604871214,0.03773309604871214,0.04915371922889511,0.03508575606501698,0.03508575606501698
0.002640969809591497,0.03783284669664705,0.03783284669664705,0.0487927383937058,0.035202715685715126,0.035202715685715126
0.0027105032175192357,0.03793244965447986,0.03793244965447986,0.048429731988211724,0.03531988287044852,0.03531988287044852
0.00278186629326712,0.03803190089514493,0.03803190089514493,0.04806464379579629,0.03543726166842324,0.03543726166842324
0.0028551183406163075,0.0381311962032438,0.0381311962032438,0.04769741491306938,0.03555485631683894,0.03555485631683894
0.0029303215371462477,0.03823033116236995,0.03823033116236995,0.04732798356481716,0.03567267125356968,0.03567267125356968
0.0030075411358888252,0.03832930114130158,0.03832930114130158,0.046956284902251004,0.03579071113097657,0.03579071113097657
0.0030868456855664547,0.03842810127893598,0.03842810127893598,0.046582250782675,0.035908980830978744,0.035908980830978744
0.003168307271550064,0.038526726467821786,0.038526726467821786,0.04620580952843634,0.03602748548152647,0.03602748548152647
0.003252001779969368,0.03862517133612565,0.03862517133612565,0.045826885662725934,0.03614623047463977,0.03614623047463977
0.0033380091877525547,0.03872343022784675,0.03872343022784675,0.04544539961945275,0.03626522148619909,0.03626522148619909
0.00342641388177529,0.0388214971810657,0.0388214971810657,0.0450612674240116,0.036384464497701496,0.036384464497701496
0.0035173050107701817,0.03891936590398286,0.03891936590398286,0.044674400341293885,0.03650396582022746,0.03650396582022746
0.003610776874202014,0.0390170297484641,0.0390170297484641,0.04428470448673581,0.03662373212090008,0.03662373212090008
0.003706929352967201,0.039114481680768455,0.039114481680768455,0.04389208039554614,0.03674377045216238,0.03674377045216238
0.003805868387549225,0.03921171424908042,0.03921171424908042,0.0434964225444822,0.036864088284249766,0.036864088284249766
0.0039077065101807236,0.03930871954740855,0.03930871954740855,0.04309761881962378,0.036984693541296215,0.036984693541296215
0.004012563438659153,0.03940548917533879,0.03940548917533879,0.04269554992249862,0.03710559464158557,0.03710559464158557
0.004120566740776506,0.03950201419304351,0.03950201419304351,0.042290088705599985,0.03722680054254695,0.03722680054254695
0.004231852579904786,0.039598285070842,0.039598285070842,0.04188109942675554,0.037348320791198666,0.037348320791198666
0.004346566554190756,0.03969429163248088,0.03969429163248088,0.041468436909895386,0.037470165580871954,0.037470165580871954
0.00446486464413731,0.039790022991148304,0.039790022991148304,0.04105194559744362,0.03759234581520072,0.03759234581520072
0.004586914286187461,0.039885467477047236,0.039885467477047236,0.04063145847671986,0.03771487318055195,0.03771487318055195
0.004712895593414239,0.03998061255512124,0.03998061255512124,0.040206795859250306,0.03783776022830324,0.03783776022830324
0.004843002748728708,0.04007544473124014,0.04007544473124014,0.03977776398758027,0.037961020468660005,0.037961020468660005
0.004977445601375332,0.04016994944479731,0.04016994944479731,0.03934415343882435,0.03808466847806043,0.03808466847806043
0.005116451504188076,0.04026411094522563,0.04026411094522563,0.038905737287488085,0.03820872002266098,0.03820872002266098
0.0052602674375287085,0.04035791214937901,0.04035791214937901,0.038462268981649436,0.0383331922009553,0.0383331922009553
0.005409162476553773,0.04045133447601537,0.04045133447601537,0.03801347987586761,0.03845810360929001,0.03845810360929001
0.005563430672180355,0.040544357652708425,0.040544357652708425,0.037559076350467666,0.03858347453494968,0.03858347453494968
0.005723394433829675,0.040636959489342886,0.040636959489342886,0.03709873642914851,0.038709327182655566,0.038709327182655566
0.005889408525086775,0.040729115610821966,0.040729115610821966,0.036632105783814005,0.03883568594184762,0.03883568594184762
0.006061864813733588,0.04082079913961129,0.04082079913961129,0.03615879298522391,0.038962577704124354,0.038962577704124354
0.0062411979578952705,0.0409119803160804,0.0409119803160804,0.03567836381780428,0.03909003224287609,0.03909003224287609
0.006427892264168579,0.04100262604102754,0.04100262604102754,0.035190334422865704,0.03921808267072209,0.03921808267072209
0.006622490027229752,0.041092699319911836,0.041092699319911836,0.03469416296090864,0.03934676599522086,0.03934676599522086
0.006825601761914203,0.04118215858161921,0.04118215858161921,0.0341892393822938,0.03947612380001689,0.03947612380001689
0.007037918473797864,0.0412709568182701,0.0412709568182701,0.033674862555960826,0.03960620368691645,0.03960620368691645
0.007260229043837123,0.04135904055630099,0.04135904055630099,0.03315026357876193,0.039737057989539366,0.039737057989539366
0.007493438253125478,0.041446348535644835,0.041446348535644835,0.0326145288820666,0.03986874855646445,0.03986874855646445
0.007738593933831951,0.04153280995211887,0.04153280995211887,0.03206661105484537,0.04000134620465618,0.04000134620465618
0.00799692036095873,0.04161834224292644,0.04161834224292644,0.03150528624273255,0.04013493350951803,0.04013493350951803
0.00826986292135805,0.04170284812949744,0.04170284812949744,0.030929109478969912,0.04026960776205542,0.04026960776205542
0.008559148468035781,0.04178621162578964,0.04178621162578964,0.030336354330066945,0.04040548496057753,0.04040548496057753
0.008866868667749894,0.04186829253119425,0.04186829253119425,0.029724929548171502,0.040542705317794636,0.040542705317794636
0.009195598050973808,0.04194891863808855,0.04194891863808855,0.02909226102108783,0.040681441053267674,0.040681441053267674
0.009548566249136274,0.042027874373567094,0.042027874373567094,0.02843511953504986,0.04082190775167752,0.04082190775167752
0.009929918326716157,0.0421048836484961,0.0421048836484961,0.027749360442733552,0.04096438151376592,0.04096438151376592
0.010345125467530743,0.04217958282766104,0.04217958282766104,0.0270295129773926,0.04110922598616508,0.04110922598616508
0.01080166810125519,0.04225147581336121,0.04225147581336121,0.02626809712799609,0.04125693727770962,0.04125693727770962
0.011310251508266533,0.042319854197602244,0.042319854197602244,0.025454408041780365,0.04140822380681674,0.04140822380681674
0.011887170761416849,0.042383642076113386,0.042383642076113386,0.024572151123692005,0.04156416148505157,0.04156416148505157
0.012559520924135264,0.042441054510164604,0.042441054510164604,0.02359423215748696,0.041726535236356575,0.041726535236356575
0.013379054797427743,0.04248869009518036,0.04248869009518036,0.02246890370744692,0.04189874617941141,0.04189874617941141
0.0144736263008718,0.04251816610980951,0.04251816610980951,0.021068293788811452,0.04208917818663873,0.04208917818663873
0.016367196296045654,0.04249519884945716,0.04249519884945716,0.01896993699688206,0.04232539877280107,0.04232539877280107
0.01766856664668719,0.042510298811125134,0.042510298811125134,0.017668566646687194,0.042510298811125134,0.042510298811125134
0.0,0.0,0.0,0.0,0.0,0.0
0.0,0.0,0.0,0.0,0.0,0.0
0.0,0.0,0.0,0.0,0.0,0.0
0.0,0.0,0.0,0.0,0.0,0.0
0.0,0.0,0.0,0.0,0.0,0.0
0.0,0.0,0.0,0.0,0.0,0.0
0.0,0.0,0.0,0.0,0.0,0.0
0.0,0.0,0.0,0.0,0.0,0.0
0.0,0.0,0.0,0.0,0.0,0.0
0.0,0.0,0.0,0.0,0.0,0.0
0.0,0.0,0.0,0.0,0.0,0.0
0.0,0.0,0.0,0.0,0.0,0.0
0.0,0.0,0.0,0.0,0.0,0.0
0.0,0.0,0.0,0.0,0.0,0.0
0.0,0.0,0.0,0.0,0.0,0.0
0.0,0.0,0.0,0.0,0.0,0.0
0.0,0.0,0.0,0.0,0.0,0.0
0.0,0.0,0.0,0.0,0.0,0.0
0.0,0.0,0.0,0.0,0.0,0.0
0.0,0.0,0.0,0.0,0.0,0.0
0.0,0.0,0.0,0.0,0.0,0.0
0.0,0.0,0.0,0.0,0.0,0.0
0.0,0.0,0.0,0.0,0.0,0.0
0.0,0.0,0.0,0.0,0.0,0.0
0.0,0.0,0.0,0.0,0.0,0.0
0.0,0.0,0.0,0.0,0.0,0.0
0.0,0.0,0.0,0.0,0.0,0.0
0.0,0.0,0.0,0.0,0.0,0.0
0.0,0.0,0.0,0.0,0.0,0.0
0.0,0.0,0.0,0.0,0.0,0.0
0.0,0.0,0.0,0.0,0.0,0.0
0.0,0.0,0.0,0.0,0.0,0.0
0.0,0.0,0.0,0.0,0.0,0.0
0.0,0.0,0.0,0.0,0.0,0.0
0.0,0.0,0.0,0.0,0.0,0.0
0.0,0.0,0.0,0.0,0.0,0.0
0.0,0.0,0.0,0.0,0.0,0.0
0.0,0.0,0.0,0.0,0.0,0.0
0.0,0.0,0.0,0.0,0.0,0.0
0.0,0.0,0.0,0.0,0.0,0.0
0.0,0.0,0.0,0.0,0.0,0.0
0.0,0.0,0.0,0.0,0.0,0.0
0.0,0.0,0.0,0.0,0.0,0.0
0.0,0.0,0.0,0.0,0.0,0.0
0.0,0.0,0.0,0.0,0.0,0.0
0.0,0.0,0.0,0.0,0.0,0.0
0.0,0.0,0.0,0.0,0.0,0.0
0.0,0.0,0.0,0.0,0.0,0.0
0.0,0.0,0.0,0.0,0.0,0.0
0.0,0.0,0.0,0.0,0.0,0.0
0.0,0.0,0.0,0.0,0.0,0.0
0.0,0.0,0.0,0.0,0.0,0.0
0.0,0.0,0.0,0.0,0.0,0.0
0.0,0.0,0.0,0.0,0.0,0.0
0.0,0.0,0.0,0.0,0.0,0.0
0.0,0.0,0.0,0.0,0.0,0.0
0.0,0.0,0.0,0.0,0.0,0.0
0.0,0.0,0.0,0.0,0.0,0.0
0.0,0.0,0.0,0.0,0.0,0.0
0.0,0.0,0.0,0.0,0.0,0.0
0.0,0.0,0.0,0.0,0.0,0.0
0.0,0.0,0.0,0.0,0.0,0.0
0.0,0.0,0.0,0.0,0.0,0.0
0.0,0.0,0.0,0.0,0.0,0.0
0.0,0.0,0.0,0.0,0.0,0.0
0.0,0.0,0.0,0.0,0.0,0.0
0.0,0.0,0.0,0.0,0.0,0.0
0.0,0.0,0.0,0.0,0.0,0.0
0.0,0.0,0.0,0.0,0.0,0.0
0.0,0.0,0.0,0.0,0.0,0.0
0.0,0.0,0.0,0.0,0.0,0.0
0.0,0.0,0.0,0.0,0.0,0.0
0.0,0.0,0.0,0.0,0.0,0.0
0.0,0.0,0.0,0.0,0.0,0.0
0.0,0.0,0.0,0.0,0.0,0.0
0.0,0.0,0.0,0.0,0.0,0.0
0.0,0.0,0.0,0.0,0.0,0.0
0.0,0.0,0.0,0.0,0.0,0.0
0.0,0.0,0.0,0.0,0.0,0.0
0.0,0.0,0.0,0.0,0.0,0.0
0.0,0.0,0.0,0.0,0.0,0.0
0.0,0.0,0.0,0.0,0.0,0.0
0.0,0.0,0.0,0.0,0.0,0.0
0.0,0.0,0.0,0.0,0.0,0.0
0.0,0.0,0.0,0.0,0.0,0.0
0.0,0.0,0.0,0.0,0.0,0.0
0.0,0.0,0.0,0.0,0.0,0.0
0.0,0.0,0.0,0.0,0.0,0.0
0.0,0.0,0.0,0.0,0.0,0.0
0.0,0.0,0.0,0.0,0.0,0.0
0.0,0.0,0.0,0.0,0.0,0.0
0.0,0.0,0.0,0.0,0.0,0.0
0.0,0.0,0.0,0.0,0.0,0.0
0.0,0.0,0.0,0.0,0.0,0.0
0.0,0.0,0.0,0.0,0.0,0.0
0.0,0.0,0.0,0.0,0.0,0.0
0.0,0.0,0.0,0.0,0.0,0.0
0.0,0.0,0.0,0.0,0.0,0.0
0.0,0.0,0.0,0.0,0.0,0.0
0.0,0.0,0.0,0.0,0.0,0.0
0.0,0.0,0.0,0.0,0.0,0.0
0.0,0.0,0.0,0.0,0.0,0.0
0.0,0.0,0.0,0.0,0.0,0.0
0.0,0.0,0.0,0.0,0.0,0.0
0.0,0.0,0.0,0.0,0.0,0.0
0.0,0.0,0.0,0.0,0.0,0.0
0.0,0.0,0.0,0.0,0.0,0.0
0.0,0.0,0.0,0.0,0.0,0.0
0.0,0.0,0.0,0.0,0.0,0.0
0.0,0.0,0.0,0.0,0.0,0.0
0.0,0.0,0.0,0.0,0.0,0.0
0.0,0.0,0.0,0.0,0.0,0.0
0.0,0.0,0.0,0.0,0.0,0.0
0.0,0.0,0.0,0.0,0.0,0.0
0.0,0.0,0.0,0.0,0.0,0.0
0.0,0.0,0.0,0.0,0.0,0.0
0.0,0.0,0.0,0.0,0.0,0.0
0.0,0.0,0.0,0.0,0.0,0.0
0.0,0.0,0.0,0.0,0.0,0.0
0.0,0.0,0.0,0.0,0.0,0.0
0.0,0.0,0.0,0.0,0.0,0.0
0.0,0.0,0.0,0.0,0.0,0.0
0.0,0.0,0.0,0.0,0.0,0.0
0.0,0.0,0.0,0.0,0.0,0.0
0.0,0.0,0.0,0.0,0.0,0.0
0.0,0.0,0.0,0.0,0.0,0.0
0.0,0.0,0.0,0.0,0.0,0.0
0.0,0.0,0.0,0.0,0.0,0.0
0.0,0.0,0.0,0.0,0.0,0.0
0.0,0.0,0.0,0.0,0.0,0.0
0.0,0.0,0.0,0.0,0.0,0.0
0.0,0.0,0.0,0.0,0.0,0.0
0.0,0.0,0.0,0.0,0.0,0.0
0.0,0.0,0.0,0.0,0.0,0.0
0.0,0.0,0.0,0.0,0.0,0.0
0.0,0.0,0.0,0.0,0.0,0.0
0.0,0.0,0.0,0.0,0.0,0.0
0.0,0.0,0.0,0.0,0.0,0.0
0.0,0.0,0.0,0.0,0.0,0.0
0.0,0.0,0.0,0.0,0.0,0.0
0.0,0.0,0.0,0.0,0.0,0.0
0.0,0.0,0.0,0.0,0.0,0.0
0.0,0.0,0.0,0.0,0.0,0.0
0.0,0.0,0.0,0.0,0.0,0.0
0.0,0.0,0.0,0.0,0.0,0.0
0.0,0.0,0.0,0.0,0.0,0.0
0.0,0.0,0.0,0.0,0.0,0.0
0.0,0.0,0.0,0.0,0.0,0.0
0.0,0.0,0.0,0.0,0.0,0.0
0.0,0.0,0.0,0.0,0.0,0.0
0.0,0.0,0.0,0.0,0.0,0.0
0.0,0.0,0.0,0.0,0.0,0.0
0.0,0.0,0.0,0.0,0.0,0.0
0.0,0.0,0.0,0.0,0.0,0.0
0.0,0.0,0.0,0.0,0.0,0.0
0.0,0.0,0.0,0.0,0.0,0.0
0.0,0.0,0.0,0.0,0.0,0.0
0.0,0.0,0.0,0.0,0.0,0.0
0.0,0.0,0.0,0.0,0.0,0.0
0.0,0.0,0.0,0.0,0.0,0.0
0.0,0.0,0.0,0.0,0.0,0.0
0.0,0.0,0.0,0.0,0.0,0.0
0.0,0.0,0.0,0.0,0.0,0.0
0.0,0.0,0.0,0.0,0.0,0.0
0.0,0.0,0.0,0.0,0.0,0.0
0.0,0.0,0.0,0.0,0.0,0.0
0.0,0.0,0.0,0.0,0.0,0.0
0.0,0.0,0.0,0.0,0.0,0.0
0.0,0.0,0.0,0.0,0.0,0.0
0.0,0.0,0.0,0.0,0.0,0.0
0.0,0.0,0.0,0.0,0.0,0.0
0.0,0.0,0.0,0.0,0.0,0.0
0.0,0.0,0.0,0.0,0.0,0.0
0.0,0.0,0.0,0.0,0.0,0.0
0.0,0.0,0.0,0.0,0.0,0.0
0.0,0.0,0.0,0.0,0.0,0.0
0.0,0.0,0.0,0.0,0.0,0.0
0.0,0.0,0.0,0.0,0.0,0.0
0.0,0.0,0.0,0.0,0.0,0.0
0.0,0.0,0.0,0.0,0.0,0.0
0.0,0.0,0.0,0.0,0.0,0.0
0.0,0.0,0.0,0.0,0.0,0.0
0.0,0.0,0.0,0.0,0.0,0.0
0.0,0.0,0.0,0.0,0.0,0.0
0.0,0.0,0.0,0.0,0.0,0.0
0.0,0.0,0.0,0.0,0.0,0.0
0.0,0.0,0.0,0.0,0.0,0.0
0.0,0.0,0.0,0.0,0.0,0.0
0.0,0.0,0.0,0.0,0.0,0.0
0.0,0.0,0.0,0.0,0.0,0.0
0.0,0.0,0.0,0.0,0.0,0.0
0.0,0.0,0.0,0.0,0.0,0.0
0.0,0.0,0.0,0.0,0.0,0.0
0.0,0.0,0.0,0.0,0.0,0.0
0.0,0.0,0.0,0.0,0.0,0.0
0.0,0.0,0.0,0.0,0.0,0.0
0.0,0.0,0.0,0.0,0.0,0.0
0.0,0.0,0.0,0.0,0.0,0.0
0.0,0.0,0.0,0.0,0.0,0.0
0.0,0.0,0.0,0.0,0.0,0.0
0.0,0.0,0.0,0.0,0.0,0.0
0.0,0.0,0.0,0.0,0.0,0.0
0.0,0.0,0.0,0.0,0.0,0.0
0.0,0.0,0.0,0.0,0.0,0.0
0.0,0.0,0.0,0.0,0.0,0.0
0.0,0.0,0.0,0.0,0.0,0.0
0.0,0.0,0.0,0.0,0.0,0.0
0.0,0.0,0.0,0.0,0.0,0.0
0.0,0.0,0.0,0.0,0.0,0.0
0.0,0.0,0.0,0.0,0.0,0.0
0.0,0.0,0.0,0.0,0.0,0.0
0.0,0.0,0.0,0.0,0.0,0.0
0.0,0.0,0.0,0.0,0.0,0.0
0.0,0.0,0.0,0.0,0.0,0.0
0.0,0.0,0.0,0.0,0.0,0.0
0.0,0.0,0.0,0.0,0.0,0.0
0.0,0.0,0.0,0.0,0.0,0.0
0.0,0.0,0.0,0.0,0.0,0.0
0.0,0.0,0.0,0.0,0.0,0.0
0.0,0.0,0.0,0.0,0.0,0.0
0.0,0.0,0.0,0.0,0.0,0.0
0.0,0.0,0.0,0.0,0.0,0.0
0.0,0.0,0.0,0.0,0.0,0.0
0.0,0.0,0.0,0.0,0.0,0.0
0.0,0.0,0.0,0.0,0.0,0.0
0.0,0.0,0.0,0.0,0.0,0.0
0.0,0.0,0.0,0.0,0.0,0.0
0.0,0.0,0.0,0.0,0.0,0.0
0.0,0.0,0.0,0.0,0.0,0.0
0.0,0.0,0.0,0.0,0.0,0.0
0.0,0.0,0.0,0.0,0.0,0.0
0.0,0.0,0.0,0.0,0.0,0.0
0.0,0.0,0.0,0.0,0.0,0.0
0.0,0.0,0.0,0.0,0.0,0.0
0.0,0.0,0.0,0.0,0.0,0.0
0.0,0.0,0.0,0.0,0.0,0.0
0.0,0.0,0.0,0.0,0.0,0.0
0.0,0.0,0.0,0.0,0.0,0.0
0.0,0.0,0.0,0.0,0.0,0.0
0.0,0.0,0.0,0.0,0.0,0.0
0.0,0.0,0.0,0.0,0.0,0.0
0.0,0.0,0.0,0.0,0.0,0.0
0.0,0.0,0.0,0.0,0.0,0.0
0.0,0.0,0.0,0.0,0.0,0.0
0.0,0.0,0.0,0.0,0.0,0.0
0.0,0.0,0.0,0.0,0.0,0.0
0.0,0.0,0.0,0.0,0.0,0.0
0.0,0.0,0.0,0.0,0.0,0.0
0.0,0.0,0.0,0.0,0.0,0.0
0.0,0.0,0.0,0.0,0.0,0.0
0.0,0.0,0.0,0.0,0.0,0.0
0.0,0.0,0.0,0.0,0.0,0.0
0.0,0.0,0.0,0.0,0.0,0.0
0.0,0.0,0.0,0.0,0.0,0.0
0.0,0.0,0.0,0.0,0.0,0.0
0.0,0.0,0.0,0.0,0.0,0.0
0.0,0.0,0.0,0.0,0.0,0.0
0.0,0.0,0.0,0.0,0.0,0.0
0.0,0.0,0.0,0.0,0.0,0.0
0.0,0.0,0.0,0.0,0.0,0.0
0.0,0.0,0.0,0.0,0.0,0.0
0.0,0.0,0.0,0.0,0.0,0.0
0.0,0.0,0.0,0.0,0.0,0.0
0.0,0.0,0.0,0.0,0.0,0.0
0.0,0.0,0.0,0.0,0.0,0.0
0.0,0.0,0.0,0.0,0.0,0.0
0.0,0.0,0.0,0.0,0.0,0.0
0.0,0.0,0.0,0.0,0.0,0.0
0.0,0.0,0.0,0.0,0.0,0.0
0.0,0.0,0.0,0.0,0.0,0.0
0.0,0.0,0.0,0.0,0.0,0.0
0.0,0.0,0.0,0.0,0.0,0.0
0.0,0.0,0.0,0.0,0.0,0.0
0.0,0.0,0.0,0.0,0.0,0.0
0.0,0.0,0.0,0.0,0.0,0.0
0.0,0.0,0.0,0.0,0.0,0.0
0.0,0.0,0.0,0.0,0.0,0.0
0.0,0.0,0.0,0.0,0.0,0.0
0.0,0.0,0.0,0.0,0.0,0.0
0.0,0.0,0.0,0.0,0.0,0.0
0.0,0.0,0.0,0.0,0.0,0.0
0.0,0.0,0.0,0.0,0.0,0.0
0.0,0.0,0.0,0.0,0.0,0.0
0.0,0.0,0.0,0.0,0.0,0.0
0.0,0.0,0.0,0.0,0.0,0.0
0.0,0.0,0.0,0.0,0.0,0.0
0.0,0.0,0.0,0.0,0.0,0.0
0.0,0.0,0.0,0.0,0.0,0.0
0.0,0.0,0.0,0.0,0.0,0.0
0.0,0.0,0.0,0.0,0.0,0.0
0.0,0.0,0.0,0.0,0.0,0.0
0.0,0.0,0.0,0.0,0.0,0.0
0.0,0.0,0.0,0.0,0.0,0.0
0.0,0.0,0.0,0.0,0.0,0.0
0.0,0.0,0.0,0.0,0.0,0.0
0.0,0.0,0.0,0.0,0.0,0.0
0.0,0.0,0.0,0.0,0.0,0.0
0.0,0.0,0.0,0.0,0.0,0.0
0.0,0.0,0.0,0.0,0.0,0.0
0.0,0.0,0.0,0.0,0.0,0.0
0.0,0.0,0.0,0.0,0.0,0.0
0.0,0.0,0.0,0.0,0.0,0.0
0.0,0.0,0.0,0.0,0.0,0.0
0.0,0.0,0.0,0.0,0.0,0.0
0.0,0.0,0.0,0.0,0.0,0.0
0.0,0.0,0.0,0.0,0.0,0.0
0.0,0.0,0.0,0.0,0.0,0.0
0.0,0.0,0.0,0.0,0.0,0.0
0.0,0.0,0.0,0.0,0.0,0.0
0.0,0.0,0.0,0.0,0.0,0.0
0.0,0.0,0.0,0.0,0.0,0.0
0.0,0.0,0.0,0.0,0.0,0.0
0.0,0.0,0.0,0.0,0.0,0.0
0.0,0.0,0.0,0.0,0.0,0.0
0.0,0.0,0.0,0.0,0.0,0.0
0.0,0.0,0.0,0.0,0.0,0.0
0.0,0.0,0.0,0.0,0.0,0.0
0.0,0.0,0.0,0.0,0.0,0.0
0.0,0.0,0.0,0.0,0.0,0.0
0.0,0.0,0.0,0.0,0.0,0.0
0.0,0.0,0.0,0.0,0.0,0.0
0.0,0.0,0.0,0.0,0.0,0.0
0.0,0.0,0.0,0.0,0.0,0.0
0.0,0.0,0.0,0.0,0.0,0.0
0.0,0.0,0.0,0.0,0.0,0.0
0.0,0.0,0.0,0.0,0.0,0.0
0.0,0.0,0.0,0.0,0.0,0.0
0.0,0.0,0.0,0.0,0.0,0.0
0.0,0.0,0.0,0.0,0.0,0.0
0.0,0.0,0.0,0.0,0.0,0.0
0.0,0.0,0.0,0.0,0.0,0.0
0.0,0.0,0.0,0.0,0.0,0.0
0.0,0.0,0.0,0.0,0.0,0.0
0.0,0.0,0.0,0.0,0.0,0.0
0.0,0.0,0.0,0.0,0.0,0.0
0.0,0.0,0.0,0.0,0.0,0.0
0.0,0.0,0.0,0.0,0.0,0.0
0.0,0.0,0.0,0.0,0.0,0.0
0.0,0.0,0.0,0.0,0.0,0.0
0.0,0.0,0.0,0.0,0.0,0.0
0.0,0.0,0.0,0.0,0.0,0.0
0.0,0.0,0.0,0.0,0.0,0.0
0.0,0.0,0.0,0.0,0.0,0.0
0.0,0.0,0.0,0.0,0.0,0.0
0.0,0.0,0.0,0.0,0.0,0.0
0.0,0.0,0.0,0.0,0.0,0.0
0.0,0.0,0.0,0.0,0.0,0.0
0.0,0.0,0.0,0.0,0.0,0.0
0.0,0.0,0.0,0.0,0.0,0.0
0.0,0.0,0.0,0.0,0.0,0.0
0.0,0.0,0.0,0.0,0.0,0.0
0.0,0.0,0.0,0.0,0.0,0.0
0.0,0.0,0.0,0.0,0.0,0.0
0.0,0.0,0.0,0.0,0.0,0.0
0.0,0.0,0.0,0.0,0.0,0.0
0.0,0.0,0.0,0.0,0.0,0.0
0.0,0.0,0.0,0.0,0.0,0.0
0.0,0.0,0.0,0.0,0.0,0.0
0.0,0.0,0.0,0.0,0.0,0.0
0.0,0.0,0.0,0.0,0.0,0.0
0.0,0.0,0.0,0.0,0.0,0.0
0.0,0.0,0.0,0.0,0.0,0.0
0.0,0.0,0.0,0.0,0.0,0.0
0.0,0.0,0.0,0.0,0.0,0.0
0.0,0.0,0.0,0.0,0.0,0.0
0.0,0.0,0.0,0.0,0.0,0.0
0.0,0.0,0.0,0.0,0.0,0.0
0.0,0.0,0.0,0.0,0.0,0.0
0.0,0.0,0.0,0.0,0.0,0.0
0.0,0.0,0.0,0.0,0.0,0.0
0.0,0.0,0.0,0.0,0.0,0.0
0.0,0.0,0.0,0.0,0.0,0.0
0.0,0.0,0.0,0.0,0.0,0.0
0.0,0.0,0.0,0.0,0.0,0.0
0.0,0.0,0.0,0.0,0.0,0.0
0.0,0.0,0.0,0.0,0.0,0.0
0.0,0.0,0.0,0.0,0.0,0.0
0.0,0.0,0.0,0.0,0.0,0.0
0.0,0.0,0.0,0.0,0.0,0.0
0.0,0.0,0.0,0.0,0.0,0.0
0.0,0.0,0.0,0.0,0.0,0.0
0.0,0.0,0.0,0.0,0.0,0.0
0.0,0.0,0.0,0.0,0.0,0.0
0.0,0.0,0.0,0.0,0.0,0.0
0.0,0.0,0.0,0.0,0.0,0.0
0.0,0.0,0.0,0.0,0.0,0.0
0.0,0.0,0.0,0.0,0.0,0.0
0.0,0.0,0.0,0.0,0.0,0.0
0.0,0.0,0.0,0.0,0.0,0.0
0.0,0.0,0.0,0.0,0.0,0.0
0.0,0.0,0.0,0.0,0.0,0.0
0.0,0.0,0.0,0.0,0.0,0.0
0.0,0.0,0.0,0.0,0.0,0.0
0.0,0.0,0.0,0.0,0.0,0.0
0.0,0.0,0.0,0.0,0.0,0.0
0.0,0.0,0.0,0.0,0.0,0.0
0.0,0.0,0.0,0.0,0.0,0.0
0.0,0.0,0.0,0.0,0.0,0.0
0.0,0.0,0.0,0.0,0.0,0.0
0.0,0.0,0.0,0.0,0.0,0.0
0.0,0.0,0.0,0.0,0.0,0.0
0.0,0.0,0.0,0.0,0.0,0.0
0.0,0.0,0.0,0.0,0.0,0.0
0.0,0.0,0.0,0.0,0.0,0.0
0.0,0.0,0.0,0.0,0.0,0.0
0.0,0.0,0.0,0.0,0.0,0.0
0.0,0.0,0.0,0.0,0.0,0.0
0.0,0.0,0.0,0.0,0.0,0.0
0.0,0.0,0.0,0.0,0.0,0.0
0.0,0.0,0.0,0.0,0.0,0.0
0.0,0.0,0.0,0.0,0.0,0.0
0.0,0.0,0.0,0.0,0.0,0.0
0.0,0.0,0.0,0.0,0.0,0.0
0.0,0.0,0.0,0.0,0.0,0.0
0.0,0.0,0.0,0.0,0.0,0.0
0.0,0.0,0.0,0.0,0.0,0.0
0.0,0.0,0.0,0.0,0.0,0.0
0.0,0.0,0.0,0.0,0.0,0.0
0.0,0.0,0.0,0.0,0.0,0.0
0.0,0.0,0.0,0.0,0.0,0.0
0.0,0.0,0.0,0.0,0.0,0.0
0.0,0.0,0.0,0.0,0.0,0.0
0.0,0.0,0.0,0.0,0.0,0.0
0.0,0.0,0.0,0.0,0.0,0.0
0.0,0.0,0.0,0.0,0.0,0.0
0.0,0.0,0.0,0.0,0.0,0.0
0.0,0.0,0.0,0.0,0.0,0.0
0.0,0.0,0.0,0.0,0.0,0.0
0.0,0.0,0.0,0.0,0.0,0.0
0.0,0.0,0.0,0.0,0.0,0.0
0.0,0.0,0.0,0.0,0.0,0.0
0.0,0.0,0.0,0.0,0.0,0.0
0.0,0.0,0.0,0.0,0.0,0.0
0.0,0.0,0.0,0.0,0.0,0.0
0.0,0.0,0.0,0.0,0.0,0.0
0.0,0.0,0.0,0.0,0.0,0.0
0.0,0.0,0.0,0.0,0.0,0.0
0.0,0.0,0.0,0.0,0.0,0.0
0.0,0.0,0.0,0.0,0.0,0.0
0.0,0.0,0.0,0.0,0.0,0.0
0.0,0.0,0.0,0.0,0.0,0.0
0.0,0.0,0.0,0.0,0.0,0.0
0.0,0.0,0.0,0.0,0.0,0.0
0.0,0.0,0.0,0.0,0.0,0.0
0.0,0.0,0.0,0.0,0.0,0.0
0.0,0.0,0.0,0.0,0.0,0.0
0.0,0.0,0.0,0.0,0.0,0.0
0.0,0.0,0.0,0.0,0.0,0.0
0.0,0.0,0.0,0.0,0.0,0.0
0.0,0.0,0.0,0.0,0.0,0.0
0.0,0.0,0.0,0.0,0.0,0.0
0.0,0.0,0.0,0.0,0.0,0.0
0.0,0.0,0.0,0.0,0.0,0.0
0.0,0.0,0.0,0.0,0.0,0.0
0.0,0.0,0.0,0.0,0.0,0.0
0.0,0.0,0.0,0.0,0.0,0.0
0.0,0.0,0.0,0.0,0.0,0.0
0.0,0.0,0.0,0.0,0.0,0.0
0.0,0.0,0.0,0.0,0.0,0.0
0.0,0.0,0.0,0.0,0.0,0.0
0.0,0.0,0.0,0.0,0.0,0.0
0.0,0.0,0.0,0.0,0.0,0.0
0.0,0.0,0.0,0.0,0.0,0.0
0.0,0.0,0.0,0.0,0.0,0.0
0.0,0.0,0.0,0.0,0.0,0.0
0.0,0.0,0.0,0.0,0.0,0.0
0.0,0.0,0.0,0.0,0.0,0.0
0.0,0.0,0.0,0.0,0.0,0.0
0.0,0.0,0.0,0.0,0.0,0.0
0.0,0.0,0.0,0.0,0.0,0.0
0.0,0.0,0.0,0.0,0.0,0.0
0.0,0.0,0.0,0.0,0.0,0.0
0.0,0.0,0.0,0.0,0.0,0.0
0.0,0.0,0.0,0.0,0.0,0.0
0.0,0.0,0.0,0.0,0.0,0.0
0.0,0.0,0.0,0.0,0.0,0.0
0.0,0.0,0.0,0.0,0.0,0.0
0.0,0.0,0.0,0.0,0.0,0.0
0.0,0.0,0.0,0.0,0.0,0.0
0.0,0.0,0.0,0.0,0.0,0.0
0.0,0.0,0.0,0.0,0.0,0.0
0.0,0.0,0.0,0.0,0.0,0.0
0.0,0.0,0.0,0.0,0.0,0.0
0.0,0.0,0.0,0.0,0.0,0.0
0.0,0.0,0.0,0.0,0.0,0.0
0.0,0.0,0.0,0.0,0.0,0.0
0.0,0.0,0.0,0.0,0.0,0.0
0.0,0.0,0.0,0.0,0.0,0.0
0.0,0.0,0.0,0.0,0.0,0.0
0.0,0.0,0.0,0.0,0.0,0.0
0.0,0.0,0.0,0.0,0.0,0.0
0.0,0.0,0.0,0.0,0.0,0.0
0.0,0.0,0.0,0.0,0.0,0.0
0.0,0.0,0.0,0.0,0.0,0.0
0.0,0.0,0.0,0.0,0.0,0.0
0.0,0.0,0.0,0.0,0.0,0.0
0.0,0.0,0.0,0.0,0.0,0.0
0.0,0.0,0.0,0.0,0.0,0.0
0.0,0.0,0.0,0.0,0.0,0.0
0.0,0.0,0.0,0.0,0.0,0.0
0.0,0.0,0.0,0.0,0.0,0.0
0.0,0.0,0.0,0.0,0.0,0.0
0.0,0.0,0.0,0.0,0.0,0.0
0.0,0.0,0.0,0.0,0.0,0.0
0.0,0.0,0.0,0.0,0.0,0.0
0.0,0.0,0.0,0.0,0.0,0.0
0.0,0.0,0.0,0.0,0.0,0.0
0.0,0.0,0.0,0.0,0.0,0.0
0.0,0.0,0.0,0.0,0.0,0.0
0.0,0.0,0.0,0.0,0.0,0.0
0.0,0.0,0.0,0.0,0.0,0.0
0.0,0.0,0.0,0.0,0.0,0.0
0.0,0.0,0.0,0.0,0.0,0.0
0.0,0.0,0.0,0.0,0.0,0.0
0.0,0.0,0.0,0.0,0.0,0.0
0.0,0.0,0.0,0.0,0.0,0.0
0.0,0.0,0.0,0.0,0.0,0.0
0.0,0.0,0.0,0.0,0.0,0.0
0.0,0.0,0.0,0.0,0.0,0.0
0.0,0.0,0.0,0.0,0.0,0.0
0.0,0.0,0.0,0.0,0.0,0.0
0.0,0.0,0.0,0.0,0.0,0.0
0.0,0.0,0.0,0.0,0.0,0.0
0.0,0.0,0.0,0.0,0.0,0.0
0.0,0.0,0.0,0.0,0.0,0.0
0.0,0.0,0.0,0.0,0.0,0.0
0.0,0.0,0.0,0.0,0.0,0.0
0.0,0.0,0.0,0.0,0.0,0.0
0.0,0.0,0.0,0.0,0.0,0.0
0.0,0.0,0.0,0.0,0.0,0.0
0.0,0.0,0.0,0.0,0.0,0.0
0.0,0.0,0.0,0.0,0.0,0.0
0.0,0.0,0.0,0.0,0.0,0.0
0.0,0.0,0.0,0.0,0.0,0.0
0.0,0.0,0.0,0.0,0.0,0.0
0.0,0.0,0.0,0.0,0.0,0.0
0.0,0.0,0.0,0.0,0.0,0.0
0.0,0.0,0.0,0.0,0.0,0.0
0.0,0.0,0.0,0.0,0.0,0.0
0.0,0.0,0.0,0.0,0.0,0.0
0.0,0.0,0.0,0.0,0.0,0.0
0.0,0.0,0.0,0.0,0.0,0.0
0.0,0.0,0.0,0.0,0.0,0.0
0.0,0.0,0.0,0.0,0.0,0.0
0.0,0.0,0.0,0.0,0.0,0.0
0.0,0.0,0.0,0.0,0.0,0.0
0.0,0.0,0.0,0.0,0.0,0.0
0.0,0.0,0.0,0.0,0.0,0.0
0.0,0.0,0.0,0.0,0.0,0.0
0.0,0.0,0.0,0.0,0.0,0.0
0.0,0.0,0.0,0.0,0.0,0.0
0.0,0.0,0.0,0.0,0.0,0.0
0.0,0.0,0.0,0.0,0.0,0.0
0.0,0.0,0.0,0.0,0.0,0.0
0.0,0.0,0.0,0.0,0.0,0.0
0.0,0.0,0.0,0.0,0.0,0.0
0.0,0.0,0.0,0.0,0.0,0.0
0.0,0.0,0.0,0.0,0.0,0.0
0.0,0.0,0.0,0.0,0.0,0.0
0.0,0.0,0.0,0.0,0.0,0.0
0.0,0.0,0.0,0.0,0.0,0.0
0.0,0.0,0.0,0.0,0.0,0.0
0.0,0.0,0.0,0.0,0.0,0.0
0.0,0.0,0.0,0.0,0.0,0.0
0.0,0.0,0.0,0.0,0.0,0.0
0.0,0.0,0.0,0.0,0.0,0.0
0.0,0.0,0.0,0.0,0.0,0.0
0.0,0.0,0.0,0.0,0.0,0.0
0.0,0.0,0.0,0.0,0.0,0.0
0.0,0.0,0.0,0.0,0.0,0.0
0.0,0.0,0.0,0.0,0.0,0.0
0.0,0.0,0.0,0.0,0.0,0.0
0.0,0.0,0.0,0.0,0.0,0.0
0.0,0.0,0.0,0.0,0.0,0.0
0.0,0.0,0.0,0.0,0.0,0.0
0.0,0.0,0.0,0.0,0.0,0.0
0.0,0.0,0.0,0.0,0.0,0.0
0.0,0.0,0.0,0.0,0.0,0.0
0.0,0.0,0.0,0.0,0.0,0.0
0.0,0.0,0.0,0.0,0.0,0.0
0.0,0.0,0.0,0.0,0.0,0.0
0.0,0.0,0.0,0.0,0.0,0.0
0.0,0.0,0.0,0.0,0.0,0.0
0.0,0.0,0.0,0.0,0.0,0.0
0.0,0.0,0.0,0.0,0.0,0.0
0.0,0.0,0.0,0.0,0.0,0.0
0.0,0.0,0.0,0.0,0.0,0.0
0.0,0.0,0.0,0.0,0.0,0.0
0.0,0.0,0.0,0.0,0.0,0.0
0.0,0.0,0.0,0.0,0.0,0.0
0.0,0.0,0.0,0.0,0.0,0.0
0.0,0.0,0.0,0.0,0.0,0.0
